13-Feb-2026 14:29:08.680 SEVERE [http-nio-8080-exec-7] org.apache.catalina.core.StandardWrapperValve.invoke Servlet.service() for servlet [jsp] in context with path [/app] threw exception [org.apache.jasper.JasperException: /display.jsp (line: [5], column: [26]) [GetProperty]: Mandatory attribute [name] missing] with root cause
	org.apache.jasper.JasperException: /display.jsp (line: [5], column: [26]) [GetProperty]: Mandatory attribute [name] missing
		at org.apache.jasper.compiler.DefaultErrorHandler.jspError(DefaultErrorHandler.java:29)
		at org.apache.jasper.compiler.ErrorDispatcher.dispatch(ErrorDispatcher.java:265)
		at org.apache.jasper.compiler.ErrorDispatcher.jspError(ErrorDispatcher.java:88)
		at org.apache.jasper.compiler.JspUtil.checkAttributes(JspUtil.java:165)
		at org.apache.jasper.compiler.Validator$ValidateVisitor.visit(Validator.java:513)
		at org.apache.jasper.compiler.Node$GetProperty.accept(Node.java:1041)
		at org.apache.jasper.compiler.Node$Nodes.visit(Node.java:2237)
		at org.apache.jasper.compiler.Node$Visitor.visitBody(Node.java:2293)
		at org.apache.jasper.compiler.Node$Visitor.visit(Node.java:2299)
		at org.apache.jasper.compiler.Node$Root.accept(Node.java:432)
		at org.apache.jasper.compiler.Node$Nodes.visit(Node.java:2237)
		at org.apache.jasper.compiler.Validator.validateExDirectives(Validator.java:1642)
		at org.apache.jasper.compiler.Compiler.generateJava(Compiler.java:205)
		at org.apache.jasper.compiler.Compiler.compile(Compiler.java:361)
		at org.apache.jasper.compiler.Compiler.compile(Compiler.java:339)
		at org.apache.jasper.compiler.Compiler.compile(Compiler.java:325)
		at org.apache.jasper.JspCompilationContext.compile(JspCompilationContext.java:586)
		at org.apache.jasper.servlet.JspServletWrapper.service(JspServletWrapper.java:368)
		at org.apache.jasper.servlet.JspServlet.serviceJspFile(JspServlet.java:350)
		at org.apache.jasper.servlet.JspServlet.service(JspServlet.java:301)
		at jakarta.servlet.http.HttpServlet.service(HttpServlet.java:658)
		at org.apache.catalina.core.ApplicationFilterChain.internalDoFilter(ApplicationFilterChain.java:193)
		at org.apache.catalina.core.ApplicationFilterChain.doFilter(ApplicationFilterChain.java:138)
		at org.apache.tomcat.websocket.server.WsFilter.doFilter(WsFilter.java:51)
		at org.apache.catalina.core.ApplicationFilterChain.internalDoFilter(ApplicationFilterChain.java:162)
		at org.apache.catalina.core.ApplicationFilterChain.doFilter(ApplicationFilterChain.java:138)
		at org.apache.catalina.core.StandardWrapperValve.invoke(StandardWrapperValve.java:165)
		at org.apache.catalina.core.StandardContextValve.invoke(StandardContextValve.java:88)
		at org.apache.catalina.authenticator.AuthenticatorBase.invoke(AuthenticatorBase.java:492)
		at org.apache.catalina.core.StandardHostValve.invoke(StandardHostValve.java:113)
		at org.apache.catalina.valves.ErrorReportValve.invoke(ErrorReportValve.java:83)
		at org.apache.catalina.valves.AbstractAccessLogValve.invoke(AbstractAccessLogValve.java:654)
		at org.apache.catalina.core.StandardEngineValve.invoke(StandardEngineValve.java:72)
		at org.apache.catalina.connector.CoyoteAdapter.service(CoyoteAdapter.java:342)
		at org.apache.coyote.http11.Http11Processor.service(Http11Processor.java:399)
		at org.apache.coyote.AbstractProcessorLight.process(AbstractProcessorLight.java:63)
		at org.apache.coyote.AbstractProtocol$ConnectionHandler.process(AbstractProtocol.java:903)
		at org.apache.tomcat.util.net.NioEndpoint$SocketProcessor.doRun(NioEndpoint.java:1775)
		at org.apache.tomcat.util.net.SocketProcessorBase.run(SocketProcessorBase.java:52)
		at org.apache.tomcat.util.threads.ThreadPoolExecutor.runWorker(ThreadPoolExecutor.java:973)
		at org.apache.tomcat.util.threads.ThreadPoolExecutor$Worker.run(ThreadPoolExecutor.java:491)
		at org.apache.tomcat.util.threads.TaskThread$WrappingRunnable.run(TaskThread.java:63)
		at java.base/java.lang.Thread.run(Thread.java:1474)
13-Feb-2026 15:11:51.130 SEVERE [http-nio-8080-exec-3] org.apache.catalina.core.StandardWrapperValve.invoke Servlet.service() for servlet [jsp] in context with path [/app] threw exception [org.apache.jasper.JasperException: /make_connection.jsp (line: [1], column: [1]) The value for the useBean class attribute [com.DBConnect] is invalid.] with root cause
	org.apache.jasper.JasperException: /make_connection.jsp (line: [1], column: [1]) The value for the useBean class attribute [com.DBConnect] is invalid.
		at org.apache.jasper.compiler.DefaultErrorHandler.jspError(DefaultErrorHandler.java:29)
		at org.apache.jasper.compiler.ErrorDispatcher.dispatch(ErrorDispatcher.java:265)
		at org.apache.jasper.compiler.ErrorDispatcher.jspError(ErrorDispatcher.java:102)
		at org.apache.jasper.compiler.Generator$GenerateVisitor.visit(Generator.java:1339)
		at org.apache.jasper.compiler.Node$UseBean.accept(Node.java:1093)
		at org.apache.jasper.compiler.Node$Nodes.visit(Node.java:2237)
		at org.apache.jasper.compiler.Node$Visitor.visitBody(Node.java:2293)
		at org.apache.jasper.compiler.Node$Visitor.visit(Node.java:2299)
		at org.apache.jasper.compiler.Node$Root.accept(Node.java:432)
		at org.apache.jasper.compiler.Node$Nodes.visit(Node.java:2237)
		at org.apache.jasper.compiler.Generator.generate(Generator.java:3457)
		at org.apache.jasper.compiler.Compiler.generateJava(Compiler.java:238)
		at org.apache.jasper.compiler.Compiler.compile(Compiler.java:361)
		at org.apache.jasper.compiler.Compiler.compile(Compiler.java:339)
		at org.apache.jasper.compiler.Compiler.compile(Compiler.java:325)
		at org.apache.jasper.JspCompilationContext.compile(JspCompilationContext.java:586)
		at org.apache.jasper.servlet.JspServletWrapper.service(JspServletWrapper.java:368)
		at org.apache.jasper.servlet.JspServlet.serviceJspFile(JspServlet.java:350)
		at org.apache.jasper.servlet.JspServlet.service(JspServlet.java:301)
		at jakarta.servlet.http.HttpServlet.service(HttpServlet.java:658)
		at org.apache.catalina.core.ApplicationFilterChain.internalDoFilter(ApplicationFilterChain.java:193)
		at org.apache.catalina.core.ApplicationFilterChain.doFilter(ApplicationFilterChain.java:138)
		at org.apache.tomcat.websocket.server.WsFilter.doFilter(WsFilter.java:51)
		at org.apache.catalina.core.ApplicationFilterChain.internalDoFilter(ApplicationFilterChain.java:162)
		at org.apache.catalina.core.ApplicationFilterChain.doFilter(ApplicationFilterChain.java:138)
		at org.apache.catalina.core.StandardWrapperValve.invoke(StandardWrapperValve.java:165)
		at org.apache.catalina.core.StandardContextValve.invoke(StandardContextValve.java:88)
		at org.apache.catalina.authenticator.AuthenticatorBase.invoke(AuthenticatorBase.java:492)
		at org.apache.catalina.core.StandardHostValve.invoke(StandardHostValve.java:113)
		at org.apache.catalina.valves.ErrorReportValve.invoke(ErrorReportValve.java:83)
		at org.apache.catalina.valves.AbstractAccessLogValve.invoke(AbstractAccessLogValve.java:654)
		at org.apache.catalina.core.StandardEngineValve.invoke(StandardEngineValve.java:72)
		at org.apache.catalina.connector.CoyoteAdapter.service(CoyoteAdapter.java:342)
		at org.apache.coyote.http11.Http11Processor.service(Http11Processor.java:399)
		at org.apache.coyote.AbstractProcessorLight.process(AbstractProcessorLight.java:63)
		at org.apache.coyote.AbstractProtocol$ConnectionHandler.process(AbstractProtocol.java:903)
		at org.apache.tomcat.util.net.NioEndpoint$SocketProcessor.doRun(NioEndpoint.java:1775)
		at org.apache.tomcat.util.net.SocketProcessorBase.run(SocketProcessorBase.java:52)
		at org.apache.tomcat.util.threads.ThreadPoolExecutor.runWorker(ThreadPoolExecutor.java:973)
		at org.apache.tomcat.util.threads.ThreadPoolExecutor$Worker.run(ThreadPoolExecutor.java:491)
		at org.apache.tomcat.util.threads.TaskThread$WrappingRunnable.run(TaskThread.java:63)
		at java.base/java.lang.Thread.run(Thread.java:1474)
13-Feb-2026 15:16:05.196 SEVERE [http-nio-8080-exec-3] org.apache.catalina.core.StandardWrapperValve.invoke Servlet.service() for servlet [jsp] in context with path [/app] threw exception [org.apache.jasper.JasperException: Unable to compile class for JSP: 

An error occurred at line: [7] in the jsp file: [/make_connection.jsp]
Syntax error on token(s), misplaced construct(s)
4: <body>
5: <%
6: try {
7:                Class.forName(<jsp:getProperty name="con" property="Driver"/>);
8:                conn = DriverManager.getConnection(<jsp:getProperty name="con" property="URL"/>+"/"+<jsp:getProperty name="con" property="DBName"/>,
9:                 <jsp:getProperty name="con" property="Username"/>,
10:                  <jsp:getProperty name="con" property="Password"/>);


An error occurred at line: [7] in the jsp file: [/make_connection.jsp]
Syntax error on token(s), misplaced construct(s)
4: <body>
5: <%
6: try {
7:                Class.forName(<jsp:getProperty name="con" property="Driver"/>);
8:                conn = DriverManager.getConnection(<jsp:getProperty name="con" property="URL"/>+"/"+<jsp:getProperty name="con" property="DBName"/>,
9:                 <jsp:getProperty name="con" property="Username"/>,
10:                  <jsp:getProperty name="con" property="Password"/>);


An error occurred at line: [7] in the jsp file: [/make_connection.jsp]
Syntax error, insert ":: IdentifierOrNew" to complete ReferenceExpression
4: <body>
5: <%
6: try {
7:                Class.forName(<jsp:getProperty name="con" property="Driver"/>);
8:                conn = DriverManager.getConnection(<jsp:getProperty name="con" property="URL"/>+"/"+<jsp:getProperty name="con" property="DBName"/>,
9:                 <jsp:getProperty name="con" property="Username"/>,
10:                  <jsp:getProperty name="con" property="Password"/>);


An error occurred at line: [7] in the jsp file: [/make_connection.jsp]
Syntax error, insert "AssignmentOperator Expression" to complete Assignment
4: <body>
5: <%
6: try {
7:                Class.forName(<jsp:getProperty name="con" property="Driver"/>);
8:                conn = DriverManager.getConnection(<jsp:getProperty name="con" property="URL"/>+"/"+<jsp:getProperty name="con" property="DBName"/>,
9:                 <jsp:getProperty name="con" property="Username"/>,
10:                  <jsp:getProperty name="con" property="Password"/>);


An error occurred at line: [7] in the jsp file: [/make_connection.jsp]
Syntax error, insert ";" to complete Statement
4: <body>
5: <%
6: try {
7:                Class.forName(<jsp:getProperty name="con" property="Driver"/>);
8:                conn = DriverManager.getConnection(<jsp:getProperty name="con" property="URL"/>+"/"+<jsp:getProperty name="con" property="DBName"/>,
9:                 <jsp:getProperty name="con" property="Username"/>,
10:                  <jsp:getProperty name="con" property="Password"/>);


An error occurred at line: [7] in the jsp file: [/make_connection.jsp]
getProperty cannot be resolved to a variable
4: <body>
5: <%
6: try {
7:                Class.forName(<jsp:getProperty name="con" property="Driver"/>);
8:                conn = DriverManager.getConnection(<jsp:getProperty name="con" property="URL"/>+"/"+<jsp:getProperty name="con" property="DBName"/>,
9:                 <jsp:getProperty name="con" property="Username"/>,
10:                  <jsp:getProperty name="con" property="Password"/>);


An error occurred at line: [7] in the jsp file: [/make_connection.jsp]
name cannot be resolved to a variable
4: <body>
5: <%
6: try {
7:                Class.forName(<jsp:getProperty name="con" property="Driver"/>);
8:                conn = DriverManager.getConnection(<jsp:getProperty name="con" property="URL"/>+"/"+<jsp:getProperty name="con" property="DBName"/>,
9:                 <jsp:getProperty name="con" property="Username"/>,
10:                  <jsp:getProperty name="con" property="Password"/>);


An error occurred at line: [7] in the jsp file: [/make_connection.jsp]
Syntax error, insert ";" to complete Statement
4: <body>
5: <%
6: try {
7:                Class.forName(<jsp:getProperty name="con" property="Driver"/>);
8:                conn = DriverManager.getConnection(<jsp:getProperty name="con" property="URL"/>+"/"+<jsp:getProperty name="con" property="DBName"/>,
9:                 <jsp:getProperty name="con" property="Username"/>,
10:                  <jsp:getProperty name="con" property="Password"/>);


An error occurred at line: [7] in the jsp file: [/make_connection.jsp]
Syntax error on tokens, Expression expected instead
4: <body>
5: <%
6: try {
7:                Class.forName(<jsp:getProperty name="con" property="Driver"/>);
8:                conn = DriverManager.getConnection(<jsp:getProperty name="con" property="URL"/>+"/"+<jsp:getProperty name="con" property="DBName"/>,
9:                 <jsp:getProperty name="con" property="Username"/>,
10:                  <jsp:getProperty name="con" property="Password"/>);


An error occurred at line: [8] in the jsp file: [/make_connection.jsp]
Syntax error on token(s), misplaced construct(s)
5: <%
6: try {
7:                Class.forName(<jsp:getProperty name="con" property="Driver"/>);
8:                conn = DriverManager.getConnection(<jsp:getProperty name="con" property="URL"/>+"/"+<jsp:getProperty name="con" property="DBName"/>,
9:                 <jsp:getProperty name="con" property="Username"/>,
10:                  <jsp:getProperty name="con" property="Password"/>);
11:                   %>


An error occurred at line: [8] in the jsp file: [/make_connection.jsp]
Syntax error on token ":", ; expected
5: <%
6: try {
7:                Class.forName(<jsp:getProperty name="con" property="Driver"/>);
8:                conn = DriverManager.getConnection(<jsp:getProperty name="con" property="URL"/>+"/"+<jsp:getProperty name="con" property="DBName"/>,
9:                 <jsp:getProperty name="con" property="Username"/>,
10:                  <jsp:getProperty name="con" property="Password"/>);
11:                   %>


An error occurred at line: [8] in the jsp file: [/make_connection.jsp]
Syntax error, insert ";" to complete LocalVariableDeclarationStatement
5: <%
6: try {
7:                Class.forName(<jsp:getProperty name="con" property="Driver"/>);
8:                conn = DriverManager.getConnection(<jsp:getProperty name="con" property="URL"/>+"/"+<jsp:getProperty name="con" property="DBName"/>,
9:                 <jsp:getProperty name="con" property="Username"/>,
10:                  <jsp:getProperty name="con" property="Password"/>);
11:                   %>


An error occurred at line: [8] in the jsp file: [/make_connection.jsp]
Syntax error on token ">", delete this token
5: <%
6: try {
7:                Class.forName(<jsp:getProperty name="con" property="Driver"/>);
8:                conn = DriverManager.getConnection(<jsp:getProperty name="con" property="URL"/>+"/"+<jsp:getProperty name="con" property="DBName"/>,
9:                 <jsp:getProperty name="con" property="Username"/>,
10:                  <jsp:getProperty name="con" property="Password"/>);
11:                   %>


An error occurred at line: [8] in the jsp file: [/make_connection.jsp]
Syntax error on token "+", ++ expected
5: <%
6: try {
7:                Class.forName(<jsp:getProperty name="con" property="Driver"/>);
8:                conn = DriverManager.getConnection(<jsp:getProperty name="con" property="URL"/>+"/"+<jsp:getProperty name="con" property="DBName"/>,
9:                 <jsp:getProperty name="con" property="Username"/>,
10:                  <jsp:getProperty name="con" property="Password"/>);
11:                   %>


An error occurred at line: [8] in the jsp file: [/make_connection.jsp]
Syntax error on token ":", ; expected
5: <%
6: try {
7:                Class.forName(<jsp:getProperty name="con" property="Driver"/>);
8:                conn = DriverManager.getConnection(<jsp:getProperty name="con" property="URL"/>+"/"+<jsp:getProperty name="con" property="DBName"/>,
9:                 <jsp:getProperty name="con" property="Username"/>,
10:                  <jsp:getProperty name="con" property="Password"/>);
11:                   %>


An error occurred at line: [8] in the jsp file: [/make_connection.jsp]
Syntax error, insert ";" to complete LocalVariableDeclarationStatement
5: <%
6: try {
7:                Class.forName(<jsp:getProperty name="con" property="Driver"/>);
8:                conn = DriverManager.getConnection(<jsp:getProperty name="con" property="URL"/>+"/"+<jsp:getProperty name="con" property="DBName"/>,
9:                 <jsp:getProperty name="con" property="Username"/>,
10:                  <jsp:getProperty name="con" property="Password"/>);
11:                   %>


An error occurred at line: [8] in the jsp file: [/make_connection.jsp]
Syntax error on tokens, ( expected instead
5: <%
6: try {
7:                Class.forName(<jsp:getProperty name="con" property="Driver"/>);
8:                conn = DriverManager.getConnection(<jsp:getProperty name="con" property="URL"/>+"/"+<jsp:getProperty name="con" property="DBName"/>,
9:                 <jsp:getProperty name="con" property="Username"/>,
10:                  <jsp:getProperty name="con" property="Password"/>);
11:                   %>


An error occurred at line: [9] in the jsp file: [/make_connection.jsp]
Syntax error, insert ")" to complete Expression
6: try {
7:                Class.forName(<jsp:getProperty name="con" property="Driver"/>);
8:                conn = DriverManager.getConnection(<jsp:getProperty name="con" property="URL"/>+"/"+<jsp:getProperty name="con" property="DBName"/>,
9:                 <jsp:getProperty name="con" property="Username"/>,
10:                  <jsp:getProperty name="con" property="Password"/>);
11:                   %>
12:                   Helo Connection


An error occurred at line: [9] in the jsp file: [/make_connection.jsp]
Syntax error, insert ";" to complete Statement
6: try {
7:                Class.forName(<jsp:getProperty name="con" property="Driver"/>);
8:                conn = DriverManager.getConnection(<jsp:getProperty name="con" property="URL"/>+"/"+<jsp:getProperty name="con" property="DBName"/>,
9:                 <jsp:getProperty name="con" property="Username"/>,
10:                  <jsp:getProperty name="con" property="Password"/>);
11:                   %>
12:                   Helo Connection


An error occurred at line: [9] in the jsp file: [/make_connection.jsp]
Syntax error on tokens, ( expected instead
6: try {
7:                Class.forName(<jsp:getProperty name="con" property="Driver"/>);
8:                conn = DriverManager.getConnection(<jsp:getProperty name="con" property="URL"/>+"/"+<jsp:getProperty name="con" property="DBName"/>,
9:                 <jsp:getProperty name="con" property="Username"/>,
10:                  <jsp:getProperty name="con" property="Password"/>);
11:                   %>
12:                   Helo Connection


An error occurred at line: [10] in the jsp file: [/make_connection.jsp]
Syntax error, insert ")" to complete Expression
7:                Class.forName(<jsp:getProperty name="con" property="Driver"/>);
8:                conn = DriverManager.getConnection(<jsp:getProperty name="con" property="URL"/>+"/"+<jsp:getProperty name="con" property="DBName"/>,
9:                 <jsp:getProperty name="con" property="Username"/>,
10:                  <jsp:getProperty name="con" property="Password"/>);
11:                   %>
12:                   Helo Connection
13:                   <%


An error occurred at line: [10] in the jsp file: [/make_connection.jsp]
Syntax error, insert ";" to complete Statement
7:                Class.forName(<jsp:getProperty name="con" property="Driver"/>);
8:                conn = DriverManager.getConnection(<jsp:getProperty name="con" property="URL"/>+"/"+<jsp:getProperty name="con" property="DBName"/>,
9:                 <jsp:getProperty name="con" property="Username"/>,
10:                  <jsp:getProperty name="con" property="Password"/>);
11:                   %>
12:                   Helo Connection
13:                   <%


An error occurred at line: [10] in the jsp file: [/make_connection.jsp]
Syntax error on tokens, Expression expected instead
7:                Class.forName(<jsp:getProperty name="con" property="Driver"/>);
8:                conn = DriverManager.getConnection(<jsp:getProperty name="con" property="URL"/>+"/"+<jsp:getProperty name="con" property="DBName"/>,
9:                 <jsp:getProperty name="con" property="Username"/>,
10:                  <jsp:getProperty name="con" property="Password"/>);
11:                   %>
12:                   Helo Connection
13:                   <%


Stacktrace:] with root cause
	org.apache.jasper.JasperException: Unable to compile class for JSP: 

An error occurred at line: [7] in the jsp file: [/make_connection.jsp]
Syntax error on token(s), misplaced construct(s)
4: <body>
5: <%
6: try {
7:                Class.forName(<jsp:getProperty name="con" property="Driver"/>);
8:                conn = DriverManager.getConnection(<jsp:getProperty name="con" property="URL"/>+"/"+<jsp:getProperty name="con" property="DBName"/>,
9:                 <jsp:getProperty name="con" property="Username"/>,
10:                  <jsp:getProperty name="con" property="Password"/>);


An error occurred at line: [7] in the jsp file: [/make_connection.jsp]
Syntax error on token(s), misplaced construct(s)
4: <body>
5: <%
6: try {
7:                Class.forName(<jsp:getProperty name="con" property="Driver"/>);
8:                conn = DriverManager.getConnection(<jsp:getProperty name="con" property="URL"/>+"/"+<jsp:getProperty name="con" property="DBName"/>,
9:                 <jsp:getProperty name="con" property="Username"/>,
10:                  <jsp:getProperty name="con" property="Password"/>);


An error occurred at line: [7] in the jsp file: [/make_connection.jsp]
Syntax error, insert ":: IdentifierOrNew" to complete ReferenceExpression
4: <body>
5: <%
6: try {
7:                Class.forName(<jsp:getProperty name="con" property="Driver"/>);
8:                conn = DriverManager.getConnection(<jsp:getProperty name="con" property="URL"/>+"/"+<jsp:getProperty name="con" property="DBName"/>,
9:                 <jsp:getProperty name="con" property="Username"/>,
10:                  <jsp:getProperty name="con" property="Password"/>);


An error occurred at line: [7] in the jsp file: [/make_connection.jsp]
Syntax error, insert "AssignmentOperator Expression" to complete Assignment
4: <body>
5: <%
6: try {
7:                Class.forName(<jsp:getProperty name="con" property="Driver"/>);
8:                conn = DriverManager.getConnection(<jsp:getProperty name="con" property="URL"/>+"/"+<jsp:getProperty name="con" property="DBName"/>,
9:                 <jsp:getProperty name="con" property="Username"/>,
10:                  <jsp:getProperty name="con" property="Password"/>);


An error occurred at line: [7] in the jsp file: [/make_connection.jsp]
Syntax error, insert ";" to complete Statement
4: <body>
5: <%
6: try {
7:                Class.forName(<jsp:getProperty name="con" property="Driver"/>);
8:                conn = DriverManager.getConnection(<jsp:getProperty name="con" property="URL"/>+"/"+<jsp:getProperty name="con" property="DBName"/>,
9:                 <jsp:getProperty name="con" property="Username"/>,
10:                  <jsp:getProperty name="con" property="Password"/>);


An error occurred at line: [7] in the jsp file: [/make_connection.jsp]
getProperty cannot be resolved to a variable
4: <body>
5: <%
6: try {
7:                Class.forName(<jsp:getProperty name="con" property="Driver"/>);
8:                conn = DriverManager.getConnection(<jsp:getProperty name="con" property="URL"/>+"/"+<jsp:getProperty name="con" property="DBName"/>,
9:                 <jsp:getProperty name="con" property="Username"/>,
10:                  <jsp:getProperty name="con" property="Password"/>);


An error occurred at line: [7] in the jsp file: [/make_connection.jsp]
name cannot be resolved to a variable
4: <body>
5: <%
6: try {
7:                Class.forName(<jsp:getProperty name="con" property="Driver"/>);
8:                conn = DriverManager.getConnection(<jsp:getProperty name="con" property="URL"/>+"/"+<jsp:getProperty name="con" property="DBName"/>,
9:                 <jsp:getProperty name="con" property="Username"/>,
10:                  <jsp:getProperty name="con" property="Password"/>);


An error occurred at line: [7] in the jsp file: [/make_connection.jsp]
Syntax error, insert ";" to complete Statement
4: <body>
5: <%
6: try {
7:                Class.forName(<jsp:getProperty name="con" property="Driver"/>);
8:                conn = DriverManager.getConnection(<jsp:getProperty name="con" property="URL"/>+"/"+<jsp:getProperty name="con" property="DBName"/>,
9:                 <jsp:getProperty name="con" property="Username"/>,
10:                  <jsp:getProperty name="con" property="Password"/>);


An error occurred at line: [7] in the jsp file: [/make_connection.jsp]
Syntax error on tokens, Expression expected instead
4: <body>
5: <%
6: try {
7:                Class.forName(<jsp:getProperty name="con" property="Driver"/>);
8:                conn = DriverManager.getConnection(<jsp:getProperty name="con" property="URL"/>+"/"+<jsp:getProperty name="con" property="DBName"/>,
9:                 <jsp:getProperty name="con" property="Username"/>,
10:                  <jsp:getProperty name="con" property="Password"/>);


An error occurred at line: [8] in the jsp file: [/make_connection.jsp]
Syntax error on token(s), misplaced construct(s)
5: <%
6: try {
7:                Class.forName(<jsp:getProperty name="con" property="Driver"/>);
8:                conn = DriverManager.getConnection(<jsp:getProperty name="con" property="URL"/>+"/"+<jsp:getProperty name="con" property="DBName"/>,
9:                 <jsp:getProperty name="con" property="Username"/>,
10:                  <jsp:getProperty name="con" property="Password"/>);
11:                   %>


An error occurred at line: [8] in the jsp file: [/make_connection.jsp]
Syntax error on token ":", ; expected
5: <%
6: try {
7:                Class.forName(<jsp:getProperty name="con" property="Driver"/>);
8:                conn = DriverManager.getConnection(<jsp:getProperty name="con" property="URL"/>+"/"+<jsp:getProperty name="con" property="DBName"/>,
9:                 <jsp:getProperty name="con" property="Username"/>,
10:                  <jsp:getProperty name="con" property="Password"/>);
11:                   %>


An error occurred at line: [8] in the jsp file: [/make_connection.jsp]
Syntax error, insert ";" to complete LocalVariableDeclarationStatement
5: <%
6: try {
7:                Class.forName(<jsp:getProperty name="con" property="Driver"/>);
8:                conn = DriverManager.getConnection(<jsp:getProperty name="con" property="URL"/>+"/"+<jsp:getProperty name="con" property="DBName"/>,
9:                 <jsp:getProperty name="con" property="Username"/>,
10:                  <jsp:getProperty name="con" property="Password"/>);
11:                   %>


An error occurred at line: [8] in the jsp file: [/make_connection.jsp]
Syntax error on token ">", delete this token
5: <%
6: try {
7:                Class.forName(<jsp:getProperty name="con" property="Driver"/>);
8:                conn = DriverManager.getConnection(<jsp:getProperty name="con" property="URL"/>+"/"+<jsp:getProperty name="con" property="DBName"/>,
9:                 <jsp:getProperty name="con" property="Username"/>,
10:                  <jsp:getProperty name="con" property="Password"/>);
11:                   %>


An error occurred at line: [8] in the jsp file: [/make_connection.jsp]
Syntax error on token "+", ++ expected
5: <%
6: try {
7:                Class.forName(<jsp:getProperty name="con" property="Driver"/>);
8:                conn = DriverManager.getConnection(<jsp:getProperty name="con" property="URL"/>+"/"+<jsp:getProperty name="con" property="DBName"/>,
9:                 <jsp:getProperty name="con" property="Username"/>,
10:                  <jsp:getProperty name="con" property="Password"/>);
11:                   %>


An error occurred at line: [8] in the jsp file: [/make_connection.jsp]
Syntax error on token ":", ; expected
5: <%
6: try {
7:                Class.forName(<jsp:getProperty name="con" property="Driver"/>);
8:                conn = DriverManager.getConnection(<jsp:getProperty name="con" property="URL"/>+"/"+<jsp:getProperty name="con" property="DBName"/>,
9:                 <jsp:getProperty name="con" property="Username"/>,
10:                  <jsp:getProperty name="con" property="Password"/>);
11:                   %>


An error occurred at line: [8] in the jsp file: [/make_connection.jsp]
Syntax error, insert ";" to complete LocalVariableDeclarationStatement
5: <%
6: try {
7:                Class.forName(<jsp:getProperty name="con" property="Driver"/>);
8:                conn = DriverManager.getConnection(<jsp:getProperty name="con" property="URL"/>+"/"+<jsp:getProperty name="con" property="DBName"/>,
9:                 <jsp:getProperty name="con" property="Username"/>,
10:                  <jsp:getProperty name="con" property="Password"/>);
11:                   %>


An error occurred at line: [8] in the jsp file: [/make_connection.jsp]
Syntax error on tokens, ( expected instead
5: <%
6: try {
7:                Class.forName(<jsp:getProperty name="con" property="Driver"/>);
8:                conn = DriverManager.getConnection(<jsp:getProperty name="con" property="URL"/>+"/"+<jsp:getProperty name="con" property="DBName"/>,
9:                 <jsp:getProperty name="con" property="Username"/>,
10:                  <jsp:getProperty name="con" property="Password"/>);
11:                   %>


An error occurred at line: [9] in the jsp file: [/make_connection.jsp]
Syntax error, insert ")" to complete Expression
6: try {
7:                Class.forName(<jsp:getProperty name="con" property="Driver"/>);
8:                conn = DriverManager.getConnection(<jsp:getProperty name="con" property="URL"/>+"/"+<jsp:getProperty name="con" property="DBName"/>,
9:                 <jsp:getProperty name="con" property="Username"/>,
10:                  <jsp:getProperty name="con" property="Password"/>);
11:                   %>
12:                   Helo Connection


An error occurred at line: [9] in the jsp file: [/make_connection.jsp]
Syntax error, insert ";" to complete Statement
6: try {
7:                Class.forName(<jsp:getProperty name="con" property="Driver"/>);
8:                conn = DriverManager.getConnection(<jsp:getProperty name="con" property="URL"/>+"/"+<jsp:getProperty name="con" property="DBName"/>,
9:                 <jsp:getProperty name="con" property="Username"/>,
10:                  <jsp:getProperty name="con" property="Password"/>);
11:                   %>
12:                   Helo Connection


An error occurred at line: [9] in the jsp file: [/make_connection.jsp]
Syntax error on tokens, ( expected instead
6: try {
7:                Class.forName(<jsp:getProperty name="con" property="Driver"/>);
8:                conn = DriverManager.getConnection(<jsp:getProperty name="con" property="URL"/>+"/"+<jsp:getProperty name="con" property="DBName"/>,
9:                 <jsp:getProperty name="con" property="Username"/>,
10:                  <jsp:getProperty name="con" property="Password"/>);
11:                   %>
12:                   Helo Connection


An error occurred at line: [10] in the jsp file: [/make_connection.jsp]
Syntax error, insert ")" to complete Expression
7:                Class.forName(<jsp:getProperty name="con" property="Driver"/>);
8:                conn = DriverManager.getConnection(<jsp:getProperty name="con" property="URL"/>+"/"+<jsp:getProperty name="con" property="DBName"/>,
9:                 <jsp:getProperty name="con" property="Username"/>,
10:                  <jsp:getProperty name="con" property="Password"/>);
11:                   %>
12:                   Helo Connection
13:                   <%


An error occurred at line: [10] in the jsp file: [/make_connection.jsp]
Syntax error, insert ";" to complete Statement
7:                Class.forName(<jsp:getProperty name="con" property="Driver"/>);
8:                conn = DriverManager.getConnection(<jsp:getProperty name="con" property="URL"/>+"/"+<jsp:getProperty name="con" property="DBName"/>,
9:                 <jsp:getProperty name="con" property="Username"/>,
10:                  <jsp:getProperty name="con" property="Password"/>);
11:                   %>
12:                   Helo Connection
13:                   <%


An error occurred at line: [10] in the jsp file: [/make_connection.jsp]
Syntax error on tokens, Expression expected instead
7:                Class.forName(<jsp:getProperty name="con" property="Driver"/>);
8:                conn = DriverManager.getConnection(<jsp:getProperty name="con" property="URL"/>+"/"+<jsp:getProperty name="con" property="DBName"/>,
9:                 <jsp:getProperty name="con" property="Username"/>,
10:                  <jsp:getProperty name="con" property="Password"/>);
11:                   %>
12:                   Helo Connection
13:                   <%


Stacktrace:
		at org.apache.jasper.compiler.DefaultErrorHandler.javacError(DefaultErrorHandler.java:70)
		at org.apache.jasper.compiler.ErrorDispatcher.javacError(ErrorDispatcher.java:189)
		at org.apache.jasper.compiler.JDTCompiler.generateClass(JDTCompiler.java:553)
		at org.apache.jasper.compiler.Compiler.compile(Compiler.java:367)
		at org.apache.jasper.compiler.Compiler.compile(Compiler.java:339)
		at org.apache.jasper.compiler.Compiler.compile(Compiler.java:325)
		at org.apache.jasper.JspCompilationContext.compile(JspCompilationContext.java:586)
		at org.apache.jasper.servlet.JspServletWrapper.service(JspServletWrapper.java:368)
		at org.apache.jasper.servlet.JspServlet.serviceJspFile(JspServlet.java:350)
		at org.apache.jasper.servlet.JspServlet.service(JspServlet.java:301)
		at jakarta.servlet.http.HttpServlet.service(HttpServlet.java:658)
		at org.apache.catalina.core.ApplicationFilterChain.internalDoFilter(ApplicationFilterChain.java:193)
		at org.apache.catalina.core.ApplicationFilterChain.doFilter(ApplicationFilterChain.java:138)
		at org.apache.tomcat.websocket.server.WsFilter.doFilter(WsFilter.java:51)
		at org.apache.catalina.core.ApplicationFilterChain.internalDoFilter(ApplicationFilterChain.java:162)
		at org.apache.catalina.core.ApplicationFilterChain.doFilter(ApplicationFilterChain.java:138)
		at org.apache.catalina.core.StandardWrapperValve.invoke(StandardWrapperValve.java:165)
		at org.apache.catalina.core.StandardContextValve.invoke(StandardContextValve.java:88)
		at org.apache.catalina.authenticator.AuthenticatorBase.invoke(AuthenticatorBase.java:492)
		at org.apache.catalina.core.StandardHostValve.invoke(StandardHostValve.java:113)
		at org.apache.catalina.valves.ErrorReportValve.invoke(ErrorReportValve.java:83)
		at org.apache.catalina.valves.AbstractAccessLogValve.invoke(AbstractAccessLogValve.java:654)
		at org.apache.catalina.core.StandardEngineValve.invoke(StandardEngineValve.java:72)
		at org.apache.catalina.connector.CoyoteAdapter.service(CoyoteAdapter.java:342)
		at org.apache.coyote.http11.Http11Processor.service(Http11Processor.java:399)
		at org.apache.coyote.AbstractProcessorLight.process(AbstractProcessorLight.java:63)
		at org.apache.coyote.AbstractProtocol$ConnectionHandler.process(AbstractProtocol.java:903)
		at org.apache.tomcat.util.net.NioEndpoint$SocketProcessor.doRun(NioEndpoint.java:1775)
		at org.apache.tomcat.util.net.SocketProcessorBase.run(SocketProcessorBase.java:52)
		at org.apache.tomcat.util.threads.ThreadPoolExecutor.runWorker(ThreadPoolExecutor.java:973)
		at org.apache.tomcat.util.threads.ThreadPoolExecutor$Worker.run(ThreadPoolExecutor.java:491)
		at org.apache.tomcat.util.threads.TaskThread$WrappingRunnable.run(TaskThread.java:63)
		at java.base/java.lang.Thread.run(Thread.java:1474)
13-Feb-2026 15:18:12.852 SEVERE [http-nio-8080-exec-1] org.apache.catalina.core.StandardWrapperValve.invoke Servlet.service() for servlet [jsp] in context with path [/app] threw exception [org.apache.jasper.JasperException: Unable to compile class for JSP: 

An error occurred at line: [7] in the jsp file: [/make_connection.jsp]
Syntax error on token(s), misplaced construct(s)
4: <body>
5: <%
6:         try {
7:                Class.forName(<jsp:getProperty name="con" property="Driver"/>);
8:                DriverManager.getConnection(<jsp:getProperty name="con" property="URL"/>+"/"+<jsp:getProperty name="con" property="DBName"/>,
9:                 <jsp:getProperty name="con" property="Username"/>,
10:                  <jsp:getProperty name="con" property="Password"/>);


An error occurred at line: [7] in the jsp file: [/make_connection.jsp]
Syntax error on token(s), misplaced construct(s)
4: <body>
5: <%
6:         try {
7:                Class.forName(<jsp:getProperty name="con" property="Driver"/>);
8:                DriverManager.getConnection(<jsp:getProperty name="con" property="URL"/>+"/"+<jsp:getProperty name="con" property="DBName"/>,
9:                 <jsp:getProperty name="con" property="Username"/>,
10:                  <jsp:getProperty name="con" property="Password"/>);


An error occurred at line: [7] in the jsp file: [/make_connection.jsp]
Syntax error, insert ":: IdentifierOrNew" to complete ReferenceExpression
4: <body>
5: <%
6:         try {
7:                Class.forName(<jsp:getProperty name="con" property="Driver"/>);
8:                DriverManager.getConnection(<jsp:getProperty name="con" property="URL"/>+"/"+<jsp:getProperty name="con" property="DBName"/>,
9:                 <jsp:getProperty name="con" property="Username"/>,
10:                  <jsp:getProperty name="con" property="Password"/>);


An error occurred at line: [7] in the jsp file: [/make_connection.jsp]
Syntax error, insert "AssignmentOperator Expression" to complete Assignment
4: <body>
5: <%
6:         try {
7:                Class.forName(<jsp:getProperty name="con" property="Driver"/>);
8:                DriverManager.getConnection(<jsp:getProperty name="con" property="URL"/>+"/"+<jsp:getProperty name="con" property="DBName"/>,
9:                 <jsp:getProperty name="con" property="Username"/>,
10:                  <jsp:getProperty name="con" property="Password"/>);


An error occurred at line: [7] in the jsp file: [/make_connection.jsp]
Syntax error, insert ";" to complete Statement
4: <body>
5: <%
6:         try {
7:                Class.forName(<jsp:getProperty name="con" property="Driver"/>);
8:                DriverManager.getConnection(<jsp:getProperty name="con" property="URL"/>+"/"+<jsp:getProperty name="con" property="DBName"/>,
9:                 <jsp:getProperty name="con" property="Username"/>,
10:                  <jsp:getProperty name="con" property="Password"/>);


An error occurred at line: [7] in the jsp file: [/make_connection.jsp]
getProperty cannot be resolved to a variable
4: <body>
5: <%
6:         try {
7:                Class.forName(<jsp:getProperty name="con" property="Driver"/>);
8:                DriverManager.getConnection(<jsp:getProperty name="con" property="URL"/>+"/"+<jsp:getProperty name="con" property="DBName"/>,
9:                 <jsp:getProperty name="con" property="Username"/>,
10:                  <jsp:getProperty name="con" property="Password"/>);


An error occurred at line: [7] in the jsp file: [/make_connection.jsp]
name cannot be resolved to a variable
4: <body>
5: <%
6:         try {
7:                Class.forName(<jsp:getProperty name="con" property="Driver"/>);
8:                DriverManager.getConnection(<jsp:getProperty name="con" property="URL"/>+"/"+<jsp:getProperty name="con" property="DBName"/>,
9:                 <jsp:getProperty name="con" property="Username"/>,
10:                  <jsp:getProperty name="con" property="Password"/>);


An error occurred at line: [7] in the jsp file: [/make_connection.jsp]
Syntax error, insert ";" to complete Statement
4: <body>
5: <%
6:         try {
7:                Class.forName(<jsp:getProperty name="con" property="Driver"/>);
8:                DriverManager.getConnection(<jsp:getProperty name="con" property="URL"/>+"/"+<jsp:getProperty name="con" property="DBName"/>,
9:                 <jsp:getProperty name="con" property="Username"/>,
10:                  <jsp:getProperty name="con" property="Password"/>);


An error occurred at line: [7] in the jsp file: [/make_connection.jsp]
Syntax error on tokens, Expression expected instead
4: <body>
5: <%
6:         try {
7:                Class.forName(<jsp:getProperty name="con" property="Driver"/>);
8:                DriverManager.getConnection(<jsp:getProperty name="con" property="URL"/>+"/"+<jsp:getProperty name="con" property="DBName"/>,
9:                 <jsp:getProperty name="con" property="Username"/>,
10:                  <jsp:getProperty name="con" property="Password"/>);


An error occurred at line: [8] in the jsp file: [/make_connection.jsp]
Syntax error on token(s), misplaced construct(s)
5: <%
6:         try {
7:                Class.forName(<jsp:getProperty name="con" property="Driver"/>);
8:                DriverManager.getConnection(<jsp:getProperty name="con" property="URL"/>+"/"+<jsp:getProperty name="con" property="DBName"/>,
9:                 <jsp:getProperty name="con" property="Username"/>,
10:                  <jsp:getProperty name="con" property="Password"/>);
11:             %>


An error occurred at line: [8] in the jsp file: [/make_connection.jsp]
Syntax error on token(s), misplaced construct(s)
5: <%
6:         try {
7:                Class.forName(<jsp:getProperty name="con" property="Driver"/>);
8:                DriverManager.getConnection(<jsp:getProperty name="con" property="URL"/>+"/"+<jsp:getProperty name="con" property="DBName"/>,
9:                 <jsp:getProperty name="con" property="Username"/>,
10:                  <jsp:getProperty name="con" property="Password"/>);
11:             %>


An error occurred at line: [8] in the jsp file: [/make_connection.jsp]
Syntax error, insert ":: IdentifierOrNew" to complete ReferenceExpression
5: <%
6:         try {
7:                Class.forName(<jsp:getProperty name="con" property="Driver"/>);
8:                DriverManager.getConnection(<jsp:getProperty name="con" property="URL"/>+"/"+<jsp:getProperty name="con" property="DBName"/>,
9:                 <jsp:getProperty name="con" property="Username"/>,
10:                  <jsp:getProperty name="con" property="Password"/>);
11:             %>


An error occurred at line: [8] in the jsp file: [/make_connection.jsp]
Syntax error, insert "AssignmentOperator Expression" to complete Assignment
5: <%
6:         try {
7:                Class.forName(<jsp:getProperty name="con" property="Driver"/>);
8:                DriverManager.getConnection(<jsp:getProperty name="con" property="URL"/>+"/"+<jsp:getProperty name="con" property="DBName"/>,
9:                 <jsp:getProperty name="con" property="Username"/>,
10:                  <jsp:getProperty name="con" property="Password"/>);
11:             %>


An error occurred at line: [8] in the jsp file: [/make_connection.jsp]
Syntax error, insert ";" to complete Statement
5: <%
6:         try {
7:                Class.forName(<jsp:getProperty name="con" property="Driver"/>);
8:                DriverManager.getConnection(<jsp:getProperty name="con" property="URL"/>+"/"+<jsp:getProperty name="con" property="DBName"/>,
9:                 <jsp:getProperty name="con" property="Username"/>,
10:                  <jsp:getProperty name="con" property="Password"/>);
11:             %>


An error occurred at line: [8] in the jsp file: [/make_connection.jsp]
Syntax error, insert ";" to complete Statement
5: <%
6:         try {
7:                Class.forName(<jsp:getProperty name="con" property="Driver"/>);
8:                DriverManager.getConnection(<jsp:getProperty name="con" property="URL"/>+"/"+<jsp:getProperty name="con" property="DBName"/>,
9:                 <jsp:getProperty name="con" property="Username"/>,
10:                  <jsp:getProperty name="con" property="Password"/>);
11:             %>


An error occurred at line: [8] in the jsp file: [/make_connection.jsp]
Syntax error on token ">", delete this token
5: <%
6:         try {
7:                Class.forName(<jsp:getProperty name="con" property="Driver"/>);
8:                DriverManager.getConnection(<jsp:getProperty name="con" property="URL"/>+"/"+<jsp:getProperty name="con" property="DBName"/>,
9:                 <jsp:getProperty name="con" property="Username"/>,
10:                  <jsp:getProperty name="con" property="Password"/>);
11:             %>


An error occurred at line: [8] in the jsp file: [/make_connection.jsp]
Syntax error on token "+", ++ expected
5: <%
6:         try {
7:                Class.forName(<jsp:getProperty name="con" property="Driver"/>);
8:                DriverManager.getConnection(<jsp:getProperty name="con" property="URL"/>+"/"+<jsp:getProperty name="con" property="DBName"/>,
9:                 <jsp:getProperty name="con" property="Username"/>,
10:                  <jsp:getProperty name="con" property="Password"/>);
11:             %>


An error occurred at line: [8] in the jsp file: [/make_connection.jsp]
Syntax error on token ":", ; expected
5: <%
6:         try {
7:                Class.forName(<jsp:getProperty name="con" property="Driver"/>);
8:                DriverManager.getConnection(<jsp:getProperty name="con" property="URL"/>+"/"+<jsp:getProperty name="con" property="DBName"/>,
9:                 <jsp:getProperty name="con" property="Username"/>,
10:                  <jsp:getProperty name="con" property="Password"/>);
11:             %>


An error occurred at line: [8] in the jsp file: [/make_connection.jsp]
Syntax error, insert ";" to complete LocalVariableDeclarationStatement
5: <%
6:         try {
7:                Class.forName(<jsp:getProperty name="con" property="Driver"/>);
8:                DriverManager.getConnection(<jsp:getProperty name="con" property="URL"/>+"/"+<jsp:getProperty name="con" property="DBName"/>,
9:                 <jsp:getProperty name="con" property="Username"/>,
10:                  <jsp:getProperty name="con" property="Password"/>);
11:             %>


An error occurred at line: [8] in the jsp file: [/make_connection.jsp]
Syntax error on tokens, ( expected instead
5: <%
6:         try {
7:                Class.forName(<jsp:getProperty name="con" property="Driver"/>);
8:                DriverManager.getConnection(<jsp:getProperty name="con" property="URL"/>+"/"+<jsp:getProperty name="con" property="DBName"/>,
9:                 <jsp:getProperty name="con" property="Username"/>,
10:                  <jsp:getProperty name="con" property="Password"/>);
11:             %>


An error occurred at line: [9] in the jsp file: [/make_connection.jsp]
Syntax error, insert ")" to complete Expression
6:         try {
7:                Class.forName(<jsp:getProperty name="con" property="Driver"/>);
8:                DriverManager.getConnection(<jsp:getProperty name="con" property="URL"/>+"/"+<jsp:getProperty name="con" property="DBName"/>,
9:                 <jsp:getProperty name="con" property="Username"/>,
10:                  <jsp:getProperty name="con" property="Password"/>);
11:             %>
12:                   Helo Connection


An error occurred at line: [9] in the jsp file: [/make_connection.jsp]
Syntax error, insert ";" to complete Statement
6:         try {
7:                Class.forName(<jsp:getProperty name="con" property="Driver"/>);
8:                DriverManager.getConnection(<jsp:getProperty name="con" property="URL"/>+"/"+<jsp:getProperty name="con" property="DBName"/>,
9:                 <jsp:getProperty name="con" property="Username"/>,
10:                  <jsp:getProperty name="con" property="Password"/>);
11:             %>
12:                   Helo Connection


An error occurred at line: [9] in the jsp file: [/make_connection.jsp]
Syntax error on tokens, ( expected instead
6:         try {
7:                Class.forName(<jsp:getProperty name="con" property="Driver"/>);
8:                DriverManager.getConnection(<jsp:getProperty name="con" property="URL"/>+"/"+<jsp:getProperty name="con" property="DBName"/>,
9:                 <jsp:getProperty name="con" property="Username"/>,
10:                  <jsp:getProperty name="con" property="Password"/>);
11:             %>
12:                   Helo Connection


An error occurred at line: [10] in the jsp file: [/make_connection.jsp]
Syntax error, insert ")" to complete Expression
7:                Class.forName(<jsp:getProperty name="con" property="Driver"/>);
8:                DriverManager.getConnection(<jsp:getProperty name="con" property="URL"/>+"/"+<jsp:getProperty name="con" property="DBName"/>,
9:                 <jsp:getProperty name="con" property="Username"/>,
10:                  <jsp:getProperty name="con" property="Password"/>);
11:             %>
12:                   Helo Connection
13:            <%


An error occurred at line: [10] in the jsp file: [/make_connection.jsp]
Syntax error, insert ";" to complete Statement
7:                Class.forName(<jsp:getProperty name="con" property="Driver"/>);
8:                DriverManager.getConnection(<jsp:getProperty name="con" property="URL"/>+"/"+<jsp:getProperty name="con" property="DBName"/>,
9:                 <jsp:getProperty name="con" property="Username"/>,
10:                  <jsp:getProperty name="con" property="Password"/>);
11:             %>
12:                   Helo Connection
13:            <%


An error occurred at line: [10] in the jsp file: [/make_connection.jsp]
Syntax error on tokens, Expression expected instead
7:                Class.forName(<jsp:getProperty name="con" property="Driver"/>);
8:                DriverManager.getConnection(<jsp:getProperty name="con" property="URL"/>+"/"+<jsp:getProperty name="con" property="DBName"/>,
9:                 <jsp:getProperty name="con" property="Username"/>,
10:                  <jsp:getProperty name="con" property="Password"/>);
11:             %>
12:                   Helo Connection
13:            <%


Stacktrace:] with root cause
	org.apache.jasper.JasperException: Unable to compile class for JSP: 

An error occurred at line: [7] in the jsp file: [/make_connection.jsp]
Syntax error on token(s), misplaced construct(s)
4: <body>
5: <%
6:         try {
7:                Class.forName(<jsp:getProperty name="con" property="Driver"/>);
8:                DriverManager.getConnection(<jsp:getProperty name="con" property="URL"/>+"/"+<jsp:getProperty name="con" property="DBName"/>,
9:                 <jsp:getProperty name="con" property="Username"/>,
10:                  <jsp:getProperty name="con" property="Password"/>);


An error occurred at line: [7] in the jsp file: [/make_connection.jsp]
Syntax error on token(s), misplaced construct(s)
4: <body>
5: <%
6:         try {
7:                Class.forName(<jsp:getProperty name="con" property="Driver"/>);
8:                DriverManager.getConnection(<jsp:getProperty name="con" property="URL"/>+"/"+<jsp:getProperty name="con" property="DBName"/>,
9:                 <jsp:getProperty name="con" property="Username"/>,
10:                  <jsp:getProperty name="con" property="Password"/>);


An error occurred at line: [7] in the jsp file: [/make_connection.jsp]
Syntax error, insert ":: IdentifierOrNew" to complete ReferenceExpression
4: <body>
5: <%
6:         try {
7:                Class.forName(<jsp:getProperty name="con" property="Driver"/>);
8:                DriverManager.getConnection(<jsp:getProperty name="con" property="URL"/>+"/"+<jsp:getProperty name="con" property="DBName"/>,
9:                 <jsp:getProperty name="con" property="Username"/>,
10:                  <jsp:getProperty name="con" property="Password"/>);


An error occurred at line: [7] in the jsp file: [/make_connection.jsp]
Syntax error, insert "AssignmentOperator Expression" to complete Assignment
4: <body>
5: <%
6:         try {
7:                Class.forName(<jsp:getProperty name="con" property="Driver"/>);
8:                DriverManager.getConnection(<jsp:getProperty name="con" property="URL"/>+"/"+<jsp:getProperty name="con" property="DBName"/>,
9:                 <jsp:getProperty name="con" property="Username"/>,
10:                  <jsp:getProperty name="con" property="Password"/>);


An error occurred at line: [7] in the jsp file: [/make_connection.jsp]
Syntax error, insert ";" to complete Statement
4: <body>
5: <%
6:         try {
7:                Class.forName(<jsp:getProperty name="con" property="Driver"/>);
8:                DriverManager.getConnection(<jsp:getProperty name="con" property="URL"/>+"/"+<jsp:getProperty name="con" property="DBName"/>,
9:                 <jsp:getProperty name="con" property="Username"/>,
10:                  <jsp:getProperty name="con" property="Password"/>);


An error occurred at line: [7] in the jsp file: [/make_connection.jsp]
getProperty cannot be resolved to a variable
4: <body>
5: <%
6:         try {
7:                Class.forName(<jsp:getProperty name="con" property="Driver"/>);
8:                DriverManager.getConnection(<jsp:getProperty name="con" property="URL"/>+"/"+<jsp:getProperty name="con" property="DBName"/>,
9:                 <jsp:getProperty name="con" property="Username"/>,
10:                  <jsp:getProperty name="con" property="Password"/>);


An error occurred at line: [7] in the jsp file: [/make_connection.jsp]
name cannot be resolved to a variable
4: <body>
5: <%
6:         try {
7:                Class.forName(<jsp:getProperty name="con" property="Driver"/>);
8:                DriverManager.getConnection(<jsp:getProperty name="con" property="URL"/>+"/"+<jsp:getProperty name="con" property="DBName"/>,
9:                 <jsp:getProperty name="con" property="Username"/>,
10:                  <jsp:getProperty name="con" property="Password"/>);


An error occurred at line: [7] in the jsp file: [/make_connection.jsp]
Syntax error, insert ";" to complete Statement
4: <body>
5: <%
6:         try {
7:                Class.forName(<jsp:getProperty name="con" property="Driver"/>);
8:                DriverManager.getConnection(<jsp:getProperty name="con" property="URL"/>+"/"+<jsp:getProperty name="con" property="DBName"/>,
9:                 <jsp:getProperty name="con" property="Username"/>,
10:                  <jsp:getProperty name="con" property="Password"/>);


An error occurred at line: [7] in the jsp file: [/make_connection.jsp]
Syntax error on tokens, Expression expected instead
4: <body>
5: <%
6:         try {
7:                Class.forName(<jsp:getProperty name="con" property="Driver"/>);
8:                DriverManager.getConnection(<jsp:getProperty name="con" property="URL"/>+"/"+<jsp:getProperty name="con" property="DBName"/>,
9:                 <jsp:getProperty name="con" property="Username"/>,
10:                  <jsp:getProperty name="con" property="Password"/>);


An error occurred at line: [8] in the jsp file: [/make_connection.jsp]
Syntax error on token(s), misplaced construct(s)
5: <%
6:         try {
7:                Class.forName(<jsp:getProperty name="con" property="Driver"/>);
8:                DriverManager.getConnection(<jsp:getProperty name="con" property="URL"/>+"/"+<jsp:getProperty name="con" property="DBName"/>,
9:                 <jsp:getProperty name="con" property="Username"/>,
10:                  <jsp:getProperty name="con" property="Password"/>);
11:             %>


An error occurred at line: [8] in the jsp file: [/make_connection.jsp]
Syntax error on token(s), misplaced construct(s)
5: <%
6:         try {
7:                Class.forName(<jsp:getProperty name="con" property="Driver"/>);
8:                DriverManager.getConnection(<jsp:getProperty name="con" property="URL"/>+"/"+<jsp:getProperty name="con" property="DBName"/>,
9:                 <jsp:getProperty name="con" property="Username"/>,
10:                  <jsp:getProperty name="con" property="Password"/>);
11:             %>


An error occurred at line: [8] in the jsp file: [/make_connection.jsp]
Syntax error, insert ":: IdentifierOrNew" to complete ReferenceExpression
5: <%
6:         try {
7:                Class.forName(<jsp:getProperty name="con" property="Driver"/>);
8:                DriverManager.getConnection(<jsp:getProperty name="con" property="URL"/>+"/"+<jsp:getProperty name="con" property="DBName"/>,
9:                 <jsp:getProperty name="con" property="Username"/>,
10:                  <jsp:getProperty name="con" property="Password"/>);
11:             %>


An error occurred at line: [8] in the jsp file: [/make_connection.jsp]
Syntax error, insert "AssignmentOperator Expression" to complete Assignment
5: <%
6:         try {
7:                Class.forName(<jsp:getProperty name="con" property="Driver"/>);
8:                DriverManager.getConnection(<jsp:getProperty name="con" property="URL"/>+"/"+<jsp:getProperty name="con" property="DBName"/>,
9:                 <jsp:getProperty name="con" property="Username"/>,
10:                  <jsp:getProperty name="con" property="Password"/>);
11:             %>


An error occurred at line: [8] in the jsp file: [/make_connection.jsp]
Syntax error, insert ";" to complete Statement
5: <%
6:         try {
7:                Class.forName(<jsp:getProperty name="con" property="Driver"/>);
8:                DriverManager.getConnection(<jsp:getProperty name="con" property="URL"/>+"/"+<jsp:getProperty name="con" property="DBName"/>,
9:                 <jsp:getProperty name="con" property="Username"/>,
10:                  <jsp:getProperty name="con" property="Password"/>);
11:             %>


An error occurred at line: [8] in the jsp file: [/make_connection.jsp]
Syntax error, insert ";" to complete Statement
5: <%
6:         try {
7:                Class.forName(<jsp:getProperty name="con" property="Driver"/>);
8:                DriverManager.getConnection(<jsp:getProperty name="con" property="URL"/>+"/"+<jsp:getProperty name="con" property="DBName"/>,
9:                 <jsp:getProperty name="con" property="Username"/>,
10:                  <jsp:getProperty name="con" property="Password"/>);
11:             %>


An error occurred at line: [8] in the jsp file: [/make_connection.jsp]
Syntax error on token ">", delete this token
5: <%
6:         try {
7:                Class.forName(<jsp:getProperty name="con" property="Driver"/>);
8:                DriverManager.getConnection(<jsp:getProperty name="con" property="URL"/>+"/"+<jsp:getProperty name="con" property="DBName"/>,
9:                 <jsp:getProperty name="con" property="Username"/>,
10:                  <jsp:getProperty name="con" property="Password"/>);
11:             %>


An error occurred at line: [8] in the jsp file: [/make_connection.jsp]
Syntax error on token "+", ++ expected
5: <%
6:         try {
7:                Class.forName(<jsp:getProperty name="con" property="Driver"/>);
8:                DriverManager.getConnection(<jsp:getProperty name="con" property="URL"/>+"/"+<jsp:getProperty name="con" property="DBName"/>,
9:                 <jsp:getProperty name="con" property="Username"/>,
10:                  <jsp:getProperty name="con" property="Password"/>);
11:             %>


An error occurred at line: [8] in the jsp file: [/make_connection.jsp]
Syntax error on token ":", ; expected
5: <%
6:         try {
7:                Class.forName(<jsp:getProperty name="con" property="Driver"/>);
8:                DriverManager.getConnection(<jsp:getProperty name="con" property="URL"/>+"/"+<jsp:getProperty name="con" property="DBName"/>,
9:                 <jsp:getProperty name="con" property="Username"/>,
10:                  <jsp:getProperty name="con" property="Password"/>);
11:             %>


An error occurred at line: [8] in the jsp file: [/make_connection.jsp]
Syntax error, insert ";" to complete LocalVariableDeclarationStatement
5: <%
6:         try {
7:                Class.forName(<jsp:getProperty name="con" property="Driver"/>);
8:                DriverManager.getConnection(<jsp:getProperty name="con" property="URL"/>+"/"+<jsp:getProperty name="con" property="DBName"/>,
9:                 <jsp:getProperty name="con" property="Username"/>,
10:                  <jsp:getProperty name="con" property="Password"/>);
11:             %>


An error occurred at line: [8] in the jsp file: [/make_connection.jsp]
Syntax error on tokens, ( expected instead
5: <%
6:         try {
7:                Class.forName(<jsp:getProperty name="con" property="Driver"/>);
8:                DriverManager.getConnection(<jsp:getProperty name="con" property="URL"/>+"/"+<jsp:getProperty name="con" property="DBName"/>,
9:                 <jsp:getProperty name="con" property="Username"/>,
10:                  <jsp:getProperty name="con" property="Password"/>);
11:             %>


An error occurred at line: [9] in the jsp file: [/make_connection.jsp]
Syntax error, insert ")" to complete Expression
6:         try {
7:                Class.forName(<jsp:getProperty name="con" property="Driver"/>);
8:                DriverManager.getConnection(<jsp:getProperty name="con" property="URL"/>+"/"+<jsp:getProperty name="con" property="DBName"/>,
9:                 <jsp:getProperty name="con" property="Username"/>,
10:                  <jsp:getProperty name="con" property="Password"/>);
11:             %>
12:                   Helo Connection


An error occurred at line: [9] in the jsp file: [/make_connection.jsp]
Syntax error, insert ";" to complete Statement
6:         try {
7:                Class.forName(<jsp:getProperty name="con" property="Driver"/>);
8:                DriverManager.getConnection(<jsp:getProperty name="con" property="URL"/>+"/"+<jsp:getProperty name="con" property="DBName"/>,
9:                 <jsp:getProperty name="con" property="Username"/>,
10:                  <jsp:getProperty name="con" property="Password"/>);
11:             %>
12:                   Helo Connection


An error occurred at line: [9] in the jsp file: [/make_connection.jsp]
Syntax error on tokens, ( expected instead
6:         try {
7:                Class.forName(<jsp:getProperty name="con" property="Driver"/>);
8:                DriverManager.getConnection(<jsp:getProperty name="con" property="URL"/>+"/"+<jsp:getProperty name="con" property="DBName"/>,
9:                 <jsp:getProperty name="con" property="Username"/>,
10:                  <jsp:getProperty name="con" property="Password"/>);
11:             %>
12:                   Helo Connection


An error occurred at line: [10] in the jsp file: [/make_connection.jsp]
Syntax error, insert ")" to complete Expression
7:                Class.forName(<jsp:getProperty name="con" property="Driver"/>);
8:                DriverManager.getConnection(<jsp:getProperty name="con" property="URL"/>+"/"+<jsp:getProperty name="con" property="DBName"/>,
9:                 <jsp:getProperty name="con" property="Username"/>,
10:                  <jsp:getProperty name="con" property="Password"/>);
11:             %>
12:                   Helo Connection
13:            <%


An error occurred at line: [10] in the jsp file: [/make_connection.jsp]
Syntax error, insert ";" to complete Statement
7:                Class.forName(<jsp:getProperty name="con" property="Driver"/>);
8:                DriverManager.getConnection(<jsp:getProperty name="con" property="URL"/>+"/"+<jsp:getProperty name="con" property="DBName"/>,
9:                 <jsp:getProperty name="con" property="Username"/>,
10:                  <jsp:getProperty name="con" property="Password"/>);
11:             %>
12:                   Helo Connection
13:            <%


An error occurred at line: [10] in the jsp file: [/make_connection.jsp]
Syntax error on tokens, Expression expected instead
7:                Class.forName(<jsp:getProperty name="con" property="Driver"/>);
8:                DriverManager.getConnection(<jsp:getProperty name="con" property="URL"/>+"/"+<jsp:getProperty name="con" property="DBName"/>,
9:                 <jsp:getProperty name="con" property="Username"/>,
10:                  <jsp:getProperty name="con" property="Password"/>);
11:             %>
12:                   Helo Connection
13:            <%


Stacktrace:
		at org.apache.jasper.compiler.DefaultErrorHandler.javacError(DefaultErrorHandler.java:70)
		at org.apache.jasper.compiler.ErrorDispatcher.javacError(ErrorDispatcher.java:189)
		at org.apache.jasper.compiler.JDTCompiler.generateClass(JDTCompiler.java:553)
		at org.apache.jasper.compiler.Compiler.compile(Compiler.java:367)
		at org.apache.jasper.compiler.Compiler.compile(Compiler.java:339)
		at org.apache.jasper.compiler.Compiler.compile(Compiler.java:325)
		at org.apache.jasper.JspCompilationContext.compile(JspCompilationContext.java:586)
		at org.apache.jasper.servlet.JspServletWrapper.service(JspServletWrapper.java:368)
		at org.apache.jasper.servlet.JspServlet.serviceJspFile(JspServlet.java:350)
		at org.apache.jasper.servlet.JspServlet.service(JspServlet.java:301)
		at jakarta.servlet.http.HttpServlet.service(HttpServlet.java:658)
		at org.apache.catalina.core.ApplicationFilterChain.internalDoFilter(ApplicationFilterChain.java:193)
		at org.apache.catalina.core.ApplicationFilterChain.doFilter(ApplicationFilterChain.java:138)
		at org.apache.tomcat.websocket.server.WsFilter.doFilter(WsFilter.java:51)
		at org.apache.catalina.core.ApplicationFilterChain.internalDoFilter(ApplicationFilterChain.java:162)
		at org.apache.catalina.core.ApplicationFilterChain.doFilter(ApplicationFilterChain.java:138)
		at org.apache.catalina.core.StandardWrapperValve.invoke(StandardWrapperValve.java:165)
		at org.apache.catalina.core.StandardContextValve.invoke(StandardContextValve.java:88)
		at org.apache.catalina.authenticator.AuthenticatorBase.invoke(AuthenticatorBase.java:492)
		at org.apache.catalina.core.StandardHostValve.invoke(StandardHostValve.java:113)
		at org.apache.catalina.valves.ErrorReportValve.invoke(ErrorReportValve.java:83)
		at org.apache.catalina.valves.AbstractAccessLogValve.invoke(AbstractAccessLogValve.java:654)
		at org.apache.catalina.core.StandardEngineValve.invoke(StandardEngineValve.java:72)
		at org.apache.catalina.connector.CoyoteAdapter.service(CoyoteAdapter.java:342)
		at org.apache.coyote.http11.Http11Processor.service(Http11Processor.java:399)
		at org.apache.coyote.AbstractProcessorLight.process(AbstractProcessorLight.java:63)
		at org.apache.coyote.AbstractProtocol$ConnectionHandler.process(AbstractProtocol.java:903)
		at org.apache.tomcat.util.net.NioEndpoint$SocketProcessor.doRun(NioEndpoint.java:1775)
		at org.apache.tomcat.util.net.SocketProcessorBase.run(SocketProcessorBase.java:52)
		at org.apache.tomcat.util.threads.ThreadPoolExecutor.runWorker(ThreadPoolExecutor.java:973)
		at org.apache.tomcat.util.threads.ThreadPoolExecutor$Worker.run(ThreadPoolExecutor.java:491)
		at org.apache.tomcat.util.threads.TaskThread$WrappingRunnable.run(TaskThread.java:63)
		at java.base/java.lang.Thread.run(Thread.java:1474)
13-Feb-2026 15:26:01.131 SEVERE [http-nio-8080-exec-2] org.apache.catalina.core.StandardWrapperValve.invoke Servlet.service() for servlet [jsp] in context with path [/app] threw exception [An exception occurred processing [/result.jsp] at line [5]

2: <html>
3: <body>
4: 
5:   <% if(con.getConnection()){
6:   %>
7:   Hello Connected
8:   <%


Stacktrace:] with root cause
	java.lang.NullPointerException
		at java.base/java.lang.Class.forName0(Native Method)
		at java.base/java.lang.Class.forName(Class.java:467)
		at java.base/java.lang.Class.forName(Class.java:458)
		at com.DBConnect.getConnection(DBConnect.java:55)
		at org.apache.jsp.result_jsp._jspService(result_jsp.java:134)
		at org.apache.jasper.runtime.HttpJspBase.service(HttpJspBase.java:62)
		at jakarta.servlet.http.HttpServlet.service(HttpServlet.java:658)
		at org.apache.jasper.servlet.JspServletWrapper.service(JspServletWrapper.java:428)
		at org.apache.jasper.servlet.JspServlet.serviceJspFile(JspServlet.java:350)
		at org.apache.jasper.servlet.JspServlet.service(JspServlet.java:301)
		at jakarta.servlet.http.HttpServlet.service(HttpServlet.java:658)
		at org.apache.catalina.core.ApplicationFilterChain.internalDoFilter(ApplicationFilterChain.java:193)
		at org.apache.catalina.core.ApplicationFilterChain.doFilter(ApplicationFilterChain.java:138)
		at org.apache.tomcat.websocket.server.WsFilter.doFilter(WsFilter.java:51)
		at org.apache.catalina.core.ApplicationFilterChain.internalDoFilter(ApplicationFilterChain.java:162)
		at org.apache.catalina.core.ApplicationFilterChain.doFilter(ApplicationFilterChain.java:138)
		at org.apache.catalina.core.StandardWrapperValve.invoke(StandardWrapperValve.java:165)
		at org.apache.catalina.core.StandardContextValve.invoke(StandardContextValve.java:88)
		at org.apache.catalina.authenticator.AuthenticatorBase.invoke(AuthenticatorBase.java:492)
		at org.apache.catalina.core.StandardHostValve.invoke(StandardHostValve.java:113)
		at org.apache.catalina.valves.ErrorReportValve.invoke(ErrorReportValve.java:83)
		at org.apache.catalina.valves.AbstractAccessLogValve.invoke(AbstractAccessLogValve.java:654)
		at org.apache.catalina.core.StandardEngineValve.invoke(StandardEngineValve.java:72)
		at org.apache.catalina.connector.CoyoteAdapter.service(CoyoteAdapter.java:342)
		at org.apache.coyote.http11.Http11Processor.service(Http11Processor.java:399)
		at org.apache.coyote.AbstractProcessorLight.process(AbstractProcessorLight.java:63)
		at org.apache.coyote.AbstractProtocol$ConnectionHandler.process(AbstractProtocol.java:903)
		at org.apache.tomcat.util.net.NioEndpoint$SocketProcessor.doRun(NioEndpoint.java:1775)
		at org.apache.tomcat.util.net.SocketProcessorBase.run(SocketProcessorBase.java:52)
		at org.apache.tomcat.util.threads.ThreadPoolExecutor.runWorker(ThreadPoolExecutor.java:973)
		at org.apache.tomcat.util.threads.ThreadPoolExecutor$Worker.run(ThreadPoolExecutor.java:491)
		at org.apache.tomcat.util.threads.TaskThread$WrappingRunnable.run(TaskThread.java:63)
		at java.base/java.lang.Thread.run(Thread.java:1474)
13-Feb-2026 15:37:40.231 SEVERE [http-nio-8080-exec-3] org.apache.catalina.core.StandardWrapperValve.invoke Servlet.service() for servlet [jsp] in context with path [/app] threw exception [An exception occurred processing [/result.jsp] at line [5]

2: <html>
3: <body>
4: 
5:   <% if(con.getConnection()){
6:   %>
7:   Hello Connected
8:   <%


Stacktrace:] with root cause
	java.lang.NullPointerException
		at java.base/java.lang.Class.forName0(Native Method)
		at java.base/java.lang.Class.forName(Class.java:467)
		at java.base/java.lang.Class.forName(Class.java:458)
		at com.DBConnect.getConnection(DBConnect.java:55)
		at org.apache.jsp.result_jsp._jspService(result_jsp.java:134)
		at org.apache.jasper.runtime.HttpJspBase.service(HttpJspBase.java:62)
		at jakarta.servlet.http.HttpServlet.service(HttpServlet.java:658)
		at org.apache.jasper.servlet.JspServletWrapper.service(JspServletWrapper.java:428)
		at org.apache.jasper.servlet.JspServlet.serviceJspFile(JspServlet.java:350)
		at org.apache.jasper.servlet.JspServlet.service(JspServlet.java:301)
		at jakarta.servlet.http.HttpServlet.service(HttpServlet.java:658)
		at org.apache.catalina.core.ApplicationFilterChain.internalDoFilter(ApplicationFilterChain.java:193)
		at org.apache.catalina.core.ApplicationFilterChain.doFilter(ApplicationFilterChain.java:138)
		at org.apache.tomcat.websocket.server.WsFilter.doFilter(WsFilter.java:51)
		at org.apache.catalina.core.ApplicationFilterChain.internalDoFilter(ApplicationFilterChain.java:162)
		at org.apache.catalina.core.ApplicationFilterChain.doFilter(ApplicationFilterChain.java:138)
		at org.apache.catalina.core.StandardWrapperValve.invoke(StandardWrapperValve.java:165)
		at org.apache.catalina.core.StandardContextValve.invoke(StandardContextValve.java:88)
		at org.apache.catalina.authenticator.AuthenticatorBase.invoke(AuthenticatorBase.java:492)
		at org.apache.catalina.core.StandardHostValve.invoke(StandardHostValve.java:113)
		at org.apache.catalina.valves.ErrorReportValve.invoke(ErrorReportValve.java:83)
		at org.apache.catalina.valves.AbstractAccessLogValve.invoke(AbstractAccessLogValve.java:654)
		at org.apache.catalina.core.StandardEngineValve.invoke(StandardEngineValve.java:72)
		at org.apache.catalina.connector.CoyoteAdapter.service(CoyoteAdapter.java:342)
		at org.apache.coyote.http11.Http11Processor.service(Http11Processor.java:399)
		at org.apache.coyote.AbstractProcessorLight.process(AbstractProcessorLight.java:63)
		at org.apache.coyote.AbstractProtocol$ConnectionHandler.process(AbstractProtocol.java:903)
		at org.apache.tomcat.util.net.NioEndpoint$SocketProcessor.doRun(NioEndpoint.java:1775)
		at org.apache.tomcat.util.net.SocketProcessorBase.run(SocketProcessorBase.java:52)
		at org.apache.tomcat.util.threads.ThreadPoolExecutor.runWorker(ThreadPoolExecutor.java:973)
		at org.apache.tomcat.util.threads.ThreadPoolExecutor$Worker.run(ThreadPoolExecutor.java:491)
		at org.apache.tomcat.util.threads.TaskThread$WrappingRunnable.run(TaskThread.java:63)
		at java.base/java.lang.Thread.run(Thread.java:1474)
13-Feb-2026 15:42:00.930 SEVERE [http-nio-8080-exec-1] org.apache.catalina.core.StandardWrapperValve.invoke Servlet.service() for servlet [jsp] in context with path [/app] threw exception [org.apache.jasper.JasperException: Unable to compile class for JSP: 

An error occurred at line: [7] in the jsp file: [/result.jsp]
Syntax error on token(s), misplaced construct(s)
4: 
5:   <% if(con != null){
6:   %>
7:   <%= <jsp:getProperty name="con" property="Driver"%>
8:   Hello Connected
9:   <%
10:   }else{


An error occurred at line: [7] in the jsp file: [/result.jsp]
Syntax error on token(s), misplaced construct(s)
4: 
5:   <% if(con != null){
6:   %>
7:   <%= <jsp:getProperty name="con" property="Driver"%>
8:   Hello Connected
9:   <%
10:   }else{


An error occurred at line: [7] in the jsp file: [/result.jsp]
Syntax error, insert ":: IdentifierOrNew" to complete ReferenceExpression
4: 
5:   <% if(con != null){
6:   %>
7:   <%= <jsp:getProperty name="con" property="Driver"%>
8:   Hello Connected
9:   <%
10:   }else{


An error occurred at line: [7] in the jsp file: [/result.jsp]
Syntax error, insert "AssignmentOperator Expression" to complete Assignment
4: 
5:   <% if(con != null){
6:   %>
7:   <%= <jsp:getProperty name="con" property="Driver"%>
8:   Hello Connected
9:   <%
10:   }else{


An error occurred at line: [7] in the jsp file: [/result.jsp]
Syntax error, insert ";" to complete Statement
4: 
5:   <% if(con != null){
6:   %>
7:   <%= <jsp:getProperty name="con" property="Driver"%>
8:   Hello Connected
9:   <%
10:   }else{


An error occurred at line: [7] in the jsp file: [/result.jsp]
getProperty cannot be resolved to a variable
4: 
5:   <% if(con != null){
6:   %>
7:   <%= <jsp:getProperty name="con" property="Driver"%>
8:   Hello Connected
9:   <%
10:   }else{


An error occurred at line: [7] in the jsp file: [/result.jsp]
name cannot be resolved to a variable
4: 
5:   <% if(con != null){
6:   %>
7:   <%= <jsp:getProperty name="con" property="Driver"%>
8:   Hello Connected
9:   <%
10:   }else{


An error occurred at line: [7] in the jsp file: [/result.jsp]
Syntax error on token ""con"", invalid (
4: 
5:   <% if(con != null){
6:   %>
7:   <%= <jsp:getProperty name="con" property="Driver"%>
8:   Hello Connected
9:   <%
10:   }else{


An error occurred at line: [7] in the jsp file: [/result.jsp]
property cannot be resolved to a variable
4: 
5:   <% if(con != null){
6:   %>
7:   <%= <jsp:getProperty name="con" property="Driver"%>
8:   Hello Connected
9:   <%
10:   }else{


Stacktrace:] with root cause
	org.apache.jasper.JasperException: Unable to compile class for JSP: 

An error occurred at line: [7] in the jsp file: [/result.jsp]
Syntax error on token(s), misplaced construct(s)
4: 
5:   <% if(con != null){
6:   %>
7:   <%= <jsp:getProperty name="con" property="Driver"%>
8:   Hello Connected
9:   <%
10:   }else{


An error occurred at line: [7] in the jsp file: [/result.jsp]
Syntax error on token(s), misplaced construct(s)
4: 
5:   <% if(con != null){
6:   %>
7:   <%= <jsp:getProperty name="con" property="Driver"%>
8:   Hello Connected
9:   <%
10:   }else{


An error occurred at line: [7] in the jsp file: [/result.jsp]
Syntax error, insert ":: IdentifierOrNew" to complete ReferenceExpression
4: 
5:   <% if(con != null){
6:   %>
7:   <%= <jsp:getProperty name="con" property="Driver"%>
8:   Hello Connected
9:   <%
10:   }else{


An error occurred at line: [7] in the jsp file: [/result.jsp]
Syntax error, insert "AssignmentOperator Expression" to complete Assignment
4: 
5:   <% if(con != null){
6:   %>
7:   <%= <jsp:getProperty name="con" property="Driver"%>
8:   Hello Connected
9:   <%
10:   }else{


An error occurred at line: [7] in the jsp file: [/result.jsp]
Syntax error, insert ";" to complete Statement
4: 
5:   <% if(con != null){
6:   %>
7:   <%= <jsp:getProperty name="con" property="Driver"%>
8:   Hello Connected
9:   <%
10:   }else{


An error occurred at line: [7] in the jsp file: [/result.jsp]
getProperty cannot be resolved to a variable
4: 
5:   <% if(con != null){
6:   %>
7:   <%= <jsp:getProperty name="con" property="Driver"%>
8:   Hello Connected
9:   <%
10:   }else{


An error occurred at line: [7] in the jsp file: [/result.jsp]
name cannot be resolved to a variable
4: 
5:   <% if(con != null){
6:   %>
7:   <%= <jsp:getProperty name="con" property="Driver"%>
8:   Hello Connected
9:   <%
10:   }else{


An error occurred at line: [7] in the jsp file: [/result.jsp]
Syntax error on token ""con"", invalid (
4: 
5:   <% if(con != null){
6:   %>
7:   <%= <jsp:getProperty name="con" property="Driver"%>
8:   Hello Connected
9:   <%
10:   }else{


An error occurred at line: [7] in the jsp file: [/result.jsp]
property cannot be resolved to a variable
4: 
5:   <% if(con != null){
6:   %>
7:   <%= <jsp:getProperty name="con" property="Driver"%>
8:   Hello Connected
9:   <%
10:   }else{


Stacktrace:
		at org.apache.jasper.compiler.DefaultErrorHandler.javacError(DefaultErrorHandler.java:70)
		at org.apache.jasper.compiler.ErrorDispatcher.javacError(ErrorDispatcher.java:189)
		at org.apache.jasper.compiler.JDTCompiler.generateClass(JDTCompiler.java:553)
		at org.apache.jasper.compiler.Compiler.compile(Compiler.java:367)
		at org.apache.jasper.compiler.Compiler.compile(Compiler.java:339)
		at org.apache.jasper.compiler.Compiler.compile(Compiler.java:325)
		at org.apache.jasper.JspCompilationContext.compile(JspCompilationContext.java:586)
		at org.apache.jasper.servlet.JspServletWrapper.service(JspServletWrapper.java:368)
		at org.apache.jasper.servlet.JspServlet.serviceJspFile(JspServlet.java:350)
		at org.apache.jasper.servlet.JspServlet.service(JspServlet.java:301)
		at jakarta.servlet.http.HttpServlet.service(HttpServlet.java:658)
		at org.apache.catalina.core.ApplicationFilterChain.internalDoFilter(ApplicationFilterChain.java:193)
		at org.apache.catalina.core.ApplicationFilterChain.doFilter(ApplicationFilterChain.java:138)
		at org.apache.tomcat.websocket.server.WsFilter.doFilter(WsFilter.java:51)
		at org.apache.catalina.core.ApplicationFilterChain.internalDoFilter(ApplicationFilterChain.java:162)
		at org.apache.catalina.core.ApplicationFilterChain.doFilter(ApplicationFilterChain.java:138)
		at org.apache.catalina.core.StandardWrapperValve.invoke(StandardWrapperValve.java:165)
		at org.apache.catalina.core.StandardContextValve.invoke(StandardContextValve.java:88)
		at org.apache.catalina.authenticator.AuthenticatorBase.invoke(AuthenticatorBase.java:492)
		at org.apache.catalina.core.StandardHostValve.invoke(StandardHostValve.java:113)
		at org.apache.catalina.valves.ErrorReportValve.invoke(ErrorReportValve.java:83)
		at org.apache.catalina.valves.AbstractAccessLogValve.invoke(AbstractAccessLogValve.java:654)
		at org.apache.catalina.core.StandardEngineValve.invoke(StandardEngineValve.java:72)
		at org.apache.catalina.connector.CoyoteAdapter.service(CoyoteAdapter.java:342)
		at org.apache.coyote.http11.Http11Processor.service(Http11Processor.java:399)
		at org.apache.coyote.AbstractProcessorLight.process(AbstractProcessorLight.java:63)
		at org.apache.coyote.AbstractProtocol$ConnectionHandler.process(AbstractProtocol.java:903)
		at org.apache.tomcat.util.net.NioEndpoint$SocketProcessor.doRun(NioEndpoint.java:1775)
		at org.apache.tomcat.util.net.SocketProcessorBase.run(SocketProcessorBase.java:52)
		at org.apache.tomcat.util.threads.ThreadPoolExecutor.runWorker(ThreadPoolExecutor.java:973)
		at org.apache.tomcat.util.threads.ThreadPoolExecutor$Worker.run(ThreadPoolExecutor.java:491)
		at org.apache.tomcat.util.threads.TaskThread$WrappingRunnable.run(TaskThread.java:63)
		at java.base/java.lang.Thread.run(Thread.java:1474)
13-Feb-2026 15:42:46.577 SEVERE [http-nio-8080-exec-1] org.apache.catalina.core.StandardWrapperValve.invoke Servlet.service() for servlet [jsp] in context with path [/app] threw exception [org.apache.jasper.JasperException: Unable to compile class for JSP: 

An error occurred at line: [7] in the jsp file: [/result.jsp]
Syntax error on token(s), misplaced construct(s)
4: 
5:   <% if(con != null){
6:   %>
7:   <%= <jsp:getProperty name="con" property="driver"%>
8:   Hello Connected
9:   <%
10:   }else{


An error occurred at line: [7] in the jsp file: [/result.jsp]
Syntax error on token(s), misplaced construct(s)
4: 
5:   <% if(con != null){
6:   %>
7:   <%= <jsp:getProperty name="con" property="driver"%>
8:   Hello Connected
9:   <%
10:   }else{


An error occurred at line: [7] in the jsp file: [/result.jsp]
Syntax error, insert ":: IdentifierOrNew" to complete ReferenceExpression
4: 
5:   <% if(con != null){
6:   %>
7:   <%= <jsp:getProperty name="con" property="driver"%>
8:   Hello Connected
9:   <%
10:   }else{


An error occurred at line: [7] in the jsp file: [/result.jsp]
Syntax error, insert "AssignmentOperator Expression" to complete Assignment
4: 
5:   <% if(con != null){
6:   %>
7:   <%= <jsp:getProperty name="con" property="driver"%>
8:   Hello Connected
9:   <%
10:   }else{


An error occurred at line: [7] in the jsp file: [/result.jsp]
Syntax error, insert ";" to complete Statement
4: 
5:   <% if(con != null){
6:   %>
7:   <%= <jsp:getProperty name="con" property="driver"%>
8:   Hello Connected
9:   <%
10:   }else{


An error occurred at line: [7] in the jsp file: [/result.jsp]
getProperty cannot be resolved to a variable
4: 
5:   <% if(con != null){
6:   %>
7:   <%= <jsp:getProperty name="con" property="driver"%>
8:   Hello Connected
9:   <%
10:   }else{


An error occurred at line: [7] in the jsp file: [/result.jsp]
name cannot be resolved to a variable
4: 
5:   <% if(con != null){
6:   %>
7:   <%= <jsp:getProperty name="con" property="driver"%>
8:   Hello Connected
9:   <%
10:   }else{


An error occurred at line: [7] in the jsp file: [/result.jsp]
Syntax error on token ""con"", invalid (
4: 
5:   <% if(con != null){
6:   %>
7:   <%= <jsp:getProperty name="con" property="driver"%>
8:   Hello Connected
9:   <%
10:   }else{


An error occurred at line: [7] in the jsp file: [/result.jsp]
property cannot be resolved to a variable
4: 
5:   <% if(con != null){
6:   %>
7:   <%= <jsp:getProperty name="con" property="driver"%>
8:   Hello Connected
9:   <%
10:   }else{


Stacktrace:] with root cause
	org.apache.jasper.JasperException: Unable to compile class for JSP: 

An error occurred at line: [7] in the jsp file: [/result.jsp]
Syntax error on token(s), misplaced construct(s)
4: 
5:   <% if(con != null){
6:   %>
7:   <%= <jsp:getProperty name="con" property="driver"%>
8:   Hello Connected
9:   <%
10:   }else{


An error occurred at line: [7] in the jsp file: [/result.jsp]
Syntax error on token(s), misplaced construct(s)
4: 
5:   <% if(con != null){
6:   %>
7:   <%= <jsp:getProperty name="con" property="driver"%>
8:   Hello Connected
9:   <%
10:   }else{


An error occurred at line: [7] in the jsp file: [/result.jsp]
Syntax error, insert ":: IdentifierOrNew" to complete ReferenceExpression
4: 
5:   <% if(con != null){
6:   %>
7:   <%= <jsp:getProperty name="con" property="driver"%>
8:   Hello Connected
9:   <%
10:   }else{


An error occurred at line: [7] in the jsp file: [/result.jsp]
Syntax error, insert "AssignmentOperator Expression" to complete Assignment
4: 
5:   <% if(con != null){
6:   %>
7:   <%= <jsp:getProperty name="con" property="driver"%>
8:   Hello Connected
9:   <%
10:   }else{


An error occurred at line: [7] in the jsp file: [/result.jsp]
Syntax error, insert ";" to complete Statement
4: 
5:   <% if(con != null){
6:   %>
7:   <%= <jsp:getProperty name="con" property="driver"%>
8:   Hello Connected
9:   <%
10:   }else{


An error occurred at line: [7] in the jsp file: [/result.jsp]
getProperty cannot be resolved to a variable
4: 
5:   <% if(con != null){
6:   %>
7:   <%= <jsp:getProperty name="con" property="driver"%>
8:   Hello Connected
9:   <%
10:   }else{


An error occurred at line: [7] in the jsp file: [/result.jsp]
name cannot be resolved to a variable
4: 
5:   <% if(con != null){
6:   %>
7:   <%= <jsp:getProperty name="con" property="driver"%>
8:   Hello Connected
9:   <%
10:   }else{


An error occurred at line: [7] in the jsp file: [/result.jsp]
Syntax error on token ""con"", invalid (
4: 
5:   <% if(con != null){
6:   %>
7:   <%= <jsp:getProperty name="con" property="driver"%>
8:   Hello Connected
9:   <%
10:   }else{


An error occurred at line: [7] in the jsp file: [/result.jsp]
property cannot be resolved to a variable
4: 
5:   <% if(con != null){
6:   %>
7:   <%= <jsp:getProperty name="con" property="driver"%>
8:   Hello Connected
9:   <%
10:   }else{


Stacktrace:
		at org.apache.jasper.compiler.DefaultErrorHandler.javacError(DefaultErrorHandler.java:70)
		at org.apache.jasper.compiler.ErrorDispatcher.javacError(ErrorDispatcher.java:189)
		at org.apache.jasper.compiler.JDTCompiler.generateClass(JDTCompiler.java:553)
		at org.apache.jasper.compiler.Compiler.compile(Compiler.java:367)
		at org.apache.jasper.compiler.Compiler.compile(Compiler.java:339)
		at org.apache.jasper.compiler.Compiler.compile(Compiler.java:325)
		at org.apache.jasper.JspCompilationContext.compile(JspCompilationContext.java:586)
		at org.apache.jasper.servlet.JspServletWrapper.service(JspServletWrapper.java:368)
		at org.apache.jasper.servlet.JspServlet.serviceJspFile(JspServlet.java:350)
		at org.apache.jasper.servlet.JspServlet.service(JspServlet.java:301)
		at jakarta.servlet.http.HttpServlet.service(HttpServlet.java:658)
		at org.apache.catalina.core.ApplicationFilterChain.internalDoFilter(ApplicationFilterChain.java:193)
		at org.apache.catalina.core.ApplicationFilterChain.doFilter(ApplicationFilterChain.java:138)
		at org.apache.tomcat.websocket.server.WsFilter.doFilter(WsFilter.java:51)
		at org.apache.catalina.core.ApplicationFilterChain.internalDoFilter(ApplicationFilterChain.java:162)
		at org.apache.catalina.core.ApplicationFilterChain.doFilter(ApplicationFilterChain.java:138)
		at org.apache.catalina.core.StandardWrapperValve.invoke(StandardWrapperValve.java:165)
		at org.apache.catalina.core.StandardContextValve.invoke(StandardContextValve.java:88)
		at org.apache.catalina.authenticator.AuthenticatorBase.invoke(AuthenticatorBase.java:492)
		at org.apache.catalina.core.StandardHostValve.invoke(StandardHostValve.java:113)
		at org.apache.catalina.valves.ErrorReportValve.invoke(ErrorReportValve.java:83)
		at org.apache.catalina.valves.AbstractAccessLogValve.invoke(AbstractAccessLogValve.java:654)
		at org.apache.catalina.core.StandardEngineValve.invoke(StandardEngineValve.java:72)
		at org.apache.catalina.connector.CoyoteAdapter.service(CoyoteAdapter.java:342)
		at org.apache.coyote.http11.Http11Processor.service(Http11Processor.java:399)
		at org.apache.coyote.AbstractProcessorLight.process(AbstractProcessorLight.java:63)
		at org.apache.coyote.AbstractProtocol$ConnectionHandler.process(AbstractProtocol.java:903)
		at org.apache.tomcat.util.net.NioEndpoint$SocketProcessor.doRun(NioEndpoint.java:1775)
		at org.apache.tomcat.util.net.SocketProcessorBase.run(SocketProcessorBase.java:52)
		at org.apache.tomcat.util.threads.ThreadPoolExecutor.runWorker(ThreadPoolExecutor.java:973)
		at org.apache.tomcat.util.threads.ThreadPoolExecutor$Worker.run(ThreadPoolExecutor.java:491)
		at org.apache.tomcat.util.threads.TaskThread$WrappingRunnable.run(TaskThread.java:63)
		at java.base/java.lang.Thread.run(Thread.java:1474)
13-Feb-2026 15:44:41.229 SEVERE [http-nio-8080-exec-1] org.apache.catalina.core.StandardWrapperValve.invoke Servlet.service() for servlet [jsp] in context with path [/app] threw exception [org.apache.jasper.JasperException: Unable to compile class for JSP: 

An error occurred at line: [7] in the jsp file: [/result.jsp]
Syntax error on token(s), misplaced construct(s)
4: 
5:   <% if(con != null){
6:   %>
7:   <%= <jsp:getProperty name="con" property="driver"%>
8:   Hello Connected
9:   <%
10:   }else{


An error occurred at line: [7] in the jsp file: [/result.jsp]
Syntax error on token(s), misplaced construct(s)
4: 
5:   <% if(con != null){
6:   %>
7:   <%= <jsp:getProperty name="con" property="driver"%>
8:   Hello Connected
9:   <%
10:   }else{


An error occurred at line: [7] in the jsp file: [/result.jsp]
Syntax error, insert ":: IdentifierOrNew" to complete ReferenceExpression
4: 
5:   <% if(con != null){
6:   %>
7:   <%= <jsp:getProperty name="con" property="driver"%>
8:   Hello Connected
9:   <%
10:   }else{


An error occurred at line: [7] in the jsp file: [/result.jsp]
Syntax error, insert "AssignmentOperator Expression" to complete Assignment
4: 
5:   <% if(con != null){
6:   %>
7:   <%= <jsp:getProperty name="con" property="driver"%>
8:   Hello Connected
9:   <%
10:   }else{


An error occurred at line: [7] in the jsp file: [/result.jsp]
Syntax error, insert ";" to complete Statement
4: 
5:   <% if(con != null){
6:   %>
7:   <%= <jsp:getProperty name="con" property="driver"%>
8:   Hello Connected
9:   <%
10:   }else{


An error occurred at line: [7] in the jsp file: [/result.jsp]
getProperty cannot be resolved to a variable
4: 
5:   <% if(con != null){
6:   %>
7:   <%= <jsp:getProperty name="con" property="driver"%>
8:   Hello Connected
9:   <%
10:   }else{


An error occurred at line: [7] in the jsp file: [/result.jsp]
name cannot be resolved to a variable
4: 
5:   <% if(con != null){
6:   %>
7:   <%= <jsp:getProperty name="con" property="driver"%>
8:   Hello Connected
9:   <%
10:   }else{


An error occurred at line: [7] in the jsp file: [/result.jsp]
Syntax error on token ""con"", invalid (
4: 
5:   <% if(con != null){
6:   %>
7:   <%= <jsp:getProperty name="con" property="driver"%>
8:   Hello Connected
9:   <%
10:   }else{


An error occurred at line: [7] in the jsp file: [/result.jsp]
property cannot be resolved to a variable
4: 
5:   <% if(con != null){
6:   %>
7:   <%= <jsp:getProperty name="con" property="driver"%>
8:   Hello Connected
9:   <%
10:   }else{


Stacktrace:] with root cause
	org.apache.jasper.JasperException: Unable to compile class for JSP: 

An error occurred at line: [7] in the jsp file: [/result.jsp]
Syntax error on token(s), misplaced construct(s)
4: 
5:   <% if(con != null){
6:   %>
7:   <%= <jsp:getProperty name="con" property="driver"%>
8:   Hello Connected
9:   <%
10:   }else{


An error occurred at line: [7] in the jsp file: [/result.jsp]
Syntax error on token(s), misplaced construct(s)
4: 
5:   <% if(con != null){
6:   %>
7:   <%= <jsp:getProperty name="con" property="driver"%>
8:   Hello Connected
9:   <%
10:   }else{


An error occurred at line: [7] in the jsp file: [/result.jsp]
Syntax error, insert ":: IdentifierOrNew" to complete ReferenceExpression
4: 
5:   <% if(con != null){
6:   %>
7:   <%= <jsp:getProperty name="con" property="driver"%>
8:   Hello Connected
9:   <%
10:   }else{


An error occurred at line: [7] in the jsp file: [/result.jsp]
Syntax error, insert "AssignmentOperator Expression" to complete Assignment
4: 
5:   <% if(con != null){
6:   %>
7:   <%= <jsp:getProperty name="con" property="driver"%>
8:   Hello Connected
9:   <%
10:   }else{


An error occurred at line: [7] in the jsp file: [/result.jsp]
Syntax error, insert ";" to complete Statement
4: 
5:   <% if(con != null){
6:   %>
7:   <%= <jsp:getProperty name="con" property="driver"%>
8:   Hello Connected
9:   <%
10:   }else{


An error occurred at line: [7] in the jsp file: [/result.jsp]
getProperty cannot be resolved to a variable
4: 
5:   <% if(con != null){
6:   %>
7:   <%= <jsp:getProperty name="con" property="driver"%>
8:   Hello Connected
9:   <%
10:   }else{


An error occurred at line: [7] in the jsp file: [/result.jsp]
name cannot be resolved to a variable
4: 
5:   <% if(con != null){
6:   %>
7:   <%= <jsp:getProperty name="con" property="driver"%>
8:   Hello Connected
9:   <%
10:   }else{


An error occurred at line: [7] in the jsp file: [/result.jsp]
Syntax error on token ""con"", invalid (
4: 
5:   <% if(con != null){
6:   %>
7:   <%= <jsp:getProperty name="con" property="driver"%>
8:   Hello Connected
9:   <%
10:   }else{


An error occurred at line: [7] in the jsp file: [/result.jsp]
property cannot be resolved to a variable
4: 
5:   <% if(con != null){
6:   %>
7:   <%= <jsp:getProperty name="con" property="driver"%>
8:   Hello Connected
9:   <%
10:   }else{


Stacktrace:
		at org.apache.jasper.compiler.DefaultErrorHandler.javacError(DefaultErrorHandler.java:70)
		at org.apache.jasper.compiler.ErrorDispatcher.javacError(ErrorDispatcher.java:189)
		at org.apache.jasper.compiler.JDTCompiler.generateClass(JDTCompiler.java:553)
		at org.apache.jasper.compiler.Compiler.compile(Compiler.java:367)
		at org.apache.jasper.compiler.Compiler.compile(Compiler.java:339)
		at org.apache.jasper.compiler.Compiler.compile(Compiler.java:325)
		at org.apache.jasper.JspCompilationContext.compile(JspCompilationContext.java:586)
		at org.apache.jasper.servlet.JspServletWrapper.service(JspServletWrapper.java:368)
		at org.apache.jasper.servlet.JspServlet.serviceJspFile(JspServlet.java:350)
		at org.apache.jasper.servlet.JspServlet.service(JspServlet.java:301)
		at jakarta.servlet.http.HttpServlet.service(HttpServlet.java:658)
		at org.apache.catalina.core.ApplicationFilterChain.internalDoFilter(ApplicationFilterChain.java:193)
		at org.apache.catalina.core.ApplicationFilterChain.doFilter(ApplicationFilterChain.java:138)
		at org.apache.tomcat.websocket.server.WsFilter.doFilter(WsFilter.java:51)
		at org.apache.catalina.core.ApplicationFilterChain.internalDoFilter(ApplicationFilterChain.java:162)
		at org.apache.catalina.core.ApplicationFilterChain.doFilter(ApplicationFilterChain.java:138)
		at org.apache.catalina.core.StandardWrapperValve.invoke(StandardWrapperValve.java:165)
		at org.apache.catalina.core.StandardContextValve.invoke(StandardContextValve.java:88)
		at org.apache.catalina.authenticator.AuthenticatorBase.invoke(AuthenticatorBase.java:492)
		at org.apache.catalina.core.StandardHostValve.invoke(StandardHostValve.java:113)
		at org.apache.catalina.valves.ErrorReportValve.invoke(ErrorReportValve.java:83)
		at org.apache.catalina.valves.AbstractAccessLogValve.invoke(AbstractAccessLogValve.java:654)
		at org.apache.catalina.core.StandardEngineValve.invoke(StandardEngineValve.java:72)
		at org.apache.catalina.connector.CoyoteAdapter.service(CoyoteAdapter.java:342)
		at org.apache.coyote.http11.Http11Processor.service(Http11Processor.java:399)
		at org.apache.coyote.AbstractProcessorLight.process(AbstractProcessorLight.java:63)
		at org.apache.coyote.AbstractProtocol$ConnectionHandler.process(AbstractProtocol.java:903)
		at org.apache.tomcat.util.net.NioEndpoint$SocketProcessor.doRun(NioEndpoint.java:1775)
		at org.apache.tomcat.util.net.SocketProcessorBase.run(SocketProcessorBase.java:52)
		at org.apache.tomcat.util.threads.ThreadPoolExecutor.runWorker(ThreadPoolExecutor.java:973)
		at org.apache.tomcat.util.threads.ThreadPoolExecutor$Worker.run(ThreadPoolExecutor.java:491)
		at org.apache.tomcat.util.threads.TaskThread$WrappingRunnable.run(TaskThread.java:63)
		at java.base/java.lang.Thread.run(Thread.java:1474)
13-Feb-2026 15:44:48.217 SEVERE [http-nio-8080-exec-3] org.apache.catalina.core.StandardWrapperValve.invoke Servlet.service() for servlet [jsp] in context with path [/app] threw exception [org.apache.jasper.JasperException: Unable to compile class for JSP: 

An error occurred at line: [7] in the jsp file: [/result.jsp]
Syntax error on token(s), misplaced construct(s)
4: 
5:   <% if(con != null){
6:   %>
7:   <%= <jsp:getProperty name="con" property="driver"%>
8:   Hello Connected
9:   <%
10:   }else{


An error occurred at line: [7] in the jsp file: [/result.jsp]
Syntax error on token(s), misplaced construct(s)
4: 
5:   <% if(con != null){
6:   %>
7:   <%= <jsp:getProperty name="con" property="driver"%>
8:   Hello Connected
9:   <%
10:   }else{


An error occurred at line: [7] in the jsp file: [/result.jsp]
Syntax error, insert ":: IdentifierOrNew" to complete ReferenceExpression
4: 
5:   <% if(con != null){
6:   %>
7:   <%= <jsp:getProperty name="con" property="driver"%>
8:   Hello Connected
9:   <%
10:   }else{


An error occurred at line: [7] in the jsp file: [/result.jsp]
Syntax error, insert "AssignmentOperator Expression" to complete Assignment
4: 
5:   <% if(con != null){
6:   %>
7:   <%= <jsp:getProperty name="con" property="driver"%>
8:   Hello Connected
9:   <%
10:   }else{


An error occurred at line: [7] in the jsp file: [/result.jsp]
Syntax error, insert ";" to complete Statement
4: 
5:   <% if(con != null){
6:   %>
7:   <%= <jsp:getProperty name="con" property="driver"%>
8:   Hello Connected
9:   <%
10:   }else{


An error occurred at line: [7] in the jsp file: [/result.jsp]
getProperty cannot be resolved to a variable
4: 
5:   <% if(con != null){
6:   %>
7:   <%= <jsp:getProperty name="con" property="driver"%>
8:   Hello Connected
9:   <%
10:   }else{


An error occurred at line: [7] in the jsp file: [/result.jsp]
name cannot be resolved to a variable
4: 
5:   <% if(con != null){
6:   %>
7:   <%= <jsp:getProperty name="con" property="driver"%>
8:   Hello Connected
9:   <%
10:   }else{


An error occurred at line: [7] in the jsp file: [/result.jsp]
Syntax error on token ""con"", invalid (
4: 
5:   <% if(con != null){
6:   %>
7:   <%= <jsp:getProperty name="con" property="driver"%>
8:   Hello Connected
9:   <%
10:   }else{


An error occurred at line: [7] in the jsp file: [/result.jsp]
property cannot be resolved to a variable
4: 
5:   <% if(con != null){
6:   %>
7:   <%= <jsp:getProperty name="con" property="driver"%>
8:   Hello Connected
9:   <%
10:   }else{


Stacktrace:] with root cause
	org.apache.jasper.JasperException: Unable to compile class for JSP: 

An error occurred at line: [7] in the jsp file: [/result.jsp]
Syntax error on token(s), misplaced construct(s)
4: 
5:   <% if(con != null){
6:   %>
7:   <%= <jsp:getProperty name="con" property="driver"%>
8:   Hello Connected
9:   <%
10:   }else{


An error occurred at line: [7] in the jsp file: [/result.jsp]
Syntax error on token(s), misplaced construct(s)
4: 
5:   <% if(con != null){
6:   %>
7:   <%= <jsp:getProperty name="con" property="driver"%>
8:   Hello Connected
9:   <%
10:   }else{


An error occurred at line: [7] in the jsp file: [/result.jsp]
Syntax error, insert ":: IdentifierOrNew" to complete ReferenceExpression
4: 
5:   <% if(con != null){
6:   %>
7:   <%= <jsp:getProperty name="con" property="driver"%>
8:   Hello Connected
9:   <%
10:   }else{


An error occurred at line: [7] in the jsp file: [/result.jsp]
Syntax error, insert "AssignmentOperator Expression" to complete Assignment
4: 
5:   <% if(con != null){
6:   %>
7:   <%= <jsp:getProperty name="con" property="driver"%>
8:   Hello Connected
9:   <%
10:   }else{


An error occurred at line: [7] in the jsp file: [/result.jsp]
Syntax error, insert ";" to complete Statement
4: 
5:   <% if(con != null){
6:   %>
7:   <%= <jsp:getProperty name="con" property="driver"%>
8:   Hello Connected
9:   <%
10:   }else{


An error occurred at line: [7] in the jsp file: [/result.jsp]
getProperty cannot be resolved to a variable
4: 
5:   <% if(con != null){
6:   %>
7:   <%= <jsp:getProperty name="con" property="driver"%>
8:   Hello Connected
9:   <%
10:   }else{


An error occurred at line: [7] in the jsp file: [/result.jsp]
name cannot be resolved to a variable
4: 
5:   <% if(con != null){
6:   %>
7:   <%= <jsp:getProperty name="con" property="driver"%>
8:   Hello Connected
9:   <%
10:   }else{


An error occurred at line: [7] in the jsp file: [/result.jsp]
Syntax error on token ""con"", invalid (
4: 
5:   <% if(con != null){
6:   %>
7:   <%= <jsp:getProperty name="con" property="driver"%>
8:   Hello Connected
9:   <%
10:   }else{


An error occurred at line: [7] in the jsp file: [/result.jsp]
property cannot be resolved to a variable
4: 
5:   <% if(con != null){
6:   %>
7:   <%= <jsp:getProperty name="con" property="driver"%>
8:   Hello Connected
9:   <%
10:   }else{


Stacktrace:
		at org.apache.jasper.compiler.DefaultErrorHandler.javacError(DefaultErrorHandler.java:70)
		at org.apache.jasper.compiler.ErrorDispatcher.javacError(ErrorDispatcher.java:189)
		at org.apache.jasper.compiler.JDTCompiler.generateClass(JDTCompiler.java:553)
		at org.apache.jasper.compiler.Compiler.compile(Compiler.java:367)
		at org.apache.jasper.compiler.Compiler.compile(Compiler.java:339)
		at org.apache.jasper.compiler.Compiler.compile(Compiler.java:325)
		at org.apache.jasper.JspCompilationContext.compile(JspCompilationContext.java:586)
		at org.apache.jasper.servlet.JspServletWrapper.service(JspServletWrapper.java:368)
		at org.apache.jasper.servlet.JspServlet.serviceJspFile(JspServlet.java:350)
		at org.apache.jasper.servlet.JspServlet.service(JspServlet.java:301)
		at jakarta.servlet.http.HttpServlet.service(HttpServlet.java:658)
		at org.apache.catalina.core.ApplicationFilterChain.internalDoFilter(ApplicationFilterChain.java:193)
		at org.apache.catalina.core.ApplicationFilterChain.doFilter(ApplicationFilterChain.java:138)
		at org.apache.tomcat.websocket.server.WsFilter.doFilter(WsFilter.java:51)
		at org.apache.catalina.core.ApplicationFilterChain.internalDoFilter(ApplicationFilterChain.java:162)
		at org.apache.catalina.core.ApplicationFilterChain.doFilter(ApplicationFilterChain.java:138)
		at org.apache.catalina.core.StandardWrapperValve.invoke(StandardWrapperValve.java:165)
		at org.apache.catalina.core.StandardContextValve.invoke(StandardContextValve.java:88)
		at org.apache.catalina.authenticator.AuthenticatorBase.invoke(AuthenticatorBase.java:492)
		at org.apache.catalina.core.StandardHostValve.invoke(StandardHostValve.java:113)
		at org.apache.catalina.valves.ErrorReportValve.invoke(ErrorReportValve.java:83)
		at org.apache.catalina.valves.AbstractAccessLogValve.invoke(AbstractAccessLogValve.java:654)
		at org.apache.catalina.core.StandardEngineValve.invoke(StandardEngineValve.java:72)
		at org.apache.catalina.connector.CoyoteAdapter.service(CoyoteAdapter.java:342)
		at org.apache.coyote.http11.Http11Processor.service(Http11Processor.java:399)
		at org.apache.coyote.AbstractProcessorLight.process(AbstractProcessorLight.java:63)
		at org.apache.coyote.AbstractProtocol$ConnectionHandler.process(AbstractProtocol.java:903)
		at org.apache.tomcat.util.net.NioEndpoint$SocketProcessor.doRun(NioEndpoint.java:1775)
		at org.apache.tomcat.util.net.SocketProcessorBase.run(SocketProcessorBase.java:52)
		at org.apache.tomcat.util.threads.ThreadPoolExecutor.runWorker(ThreadPoolExecutor.java:973)
		at org.apache.tomcat.util.threads.ThreadPoolExecutor$Worker.run(ThreadPoolExecutor.java:491)
		at org.apache.tomcat.util.threads.TaskThread$WrappingRunnable.run(TaskThread.java:63)
		at java.base/java.lang.Thread.run(Thread.java:1474)
13-Feb-2026 15:45:00.800 SEVERE [http-nio-8080-exec-6] org.apache.catalina.core.StandardWrapperValve.invoke Servlet.service() for servlet [jsp] in context with path [/app] threw exception [org.apache.jasper.JasperException: Unable to compile class for JSP: 

An error occurred at line: [7] in the jsp file: [/result.jsp]
Syntax error on token(s), misplaced construct(s)
4: 
5:   <% if(con != null){
6:   %>
7:   <%= <jsp:getProperty name="con" property="driver"%>
8:   Hello Connected
9:   <%
10:   }else{


An error occurred at line: [7] in the jsp file: [/result.jsp]
Syntax error on token(s), misplaced construct(s)
4: 
5:   <% if(con != null){
6:   %>
7:   <%= <jsp:getProperty name="con" property="driver"%>
8:   Hello Connected
9:   <%
10:   }else{


An error occurred at line: [7] in the jsp file: [/result.jsp]
Syntax error, insert ":: IdentifierOrNew" to complete ReferenceExpression
4: 
5:   <% if(con != null){
6:   %>
7:   <%= <jsp:getProperty name="con" property="driver"%>
8:   Hello Connected
9:   <%
10:   }else{


An error occurred at line: [7] in the jsp file: [/result.jsp]
Syntax error, insert "AssignmentOperator Expression" to complete Assignment
4: 
5:   <% if(con != null){
6:   %>
7:   <%= <jsp:getProperty name="con" property="driver"%>
8:   Hello Connected
9:   <%
10:   }else{


An error occurred at line: [7] in the jsp file: [/result.jsp]
Syntax error, insert ";" to complete Statement
4: 
5:   <% if(con != null){
6:   %>
7:   <%= <jsp:getProperty name="con" property="driver"%>
8:   Hello Connected
9:   <%
10:   }else{


An error occurred at line: [7] in the jsp file: [/result.jsp]
getProperty cannot be resolved to a variable
4: 
5:   <% if(con != null){
6:   %>
7:   <%= <jsp:getProperty name="con" property="driver"%>
8:   Hello Connected
9:   <%
10:   }else{


An error occurred at line: [7] in the jsp file: [/result.jsp]
name cannot be resolved to a variable
4: 
5:   <% if(con != null){
6:   %>
7:   <%= <jsp:getProperty name="con" property="driver"%>
8:   Hello Connected
9:   <%
10:   }else{


An error occurred at line: [7] in the jsp file: [/result.jsp]
Syntax error on token ""con"", invalid (
4: 
5:   <% if(con != null){
6:   %>
7:   <%= <jsp:getProperty name="con" property="driver"%>
8:   Hello Connected
9:   <%
10:   }else{


An error occurred at line: [7] in the jsp file: [/result.jsp]
property cannot be resolved to a variable
4: 
5:   <% if(con != null){
6:   %>
7:   <%= <jsp:getProperty name="con" property="driver"%>
8:   Hello Connected
9:   <%
10:   }else{


Stacktrace:] with root cause
	org.apache.jasper.JasperException: Unable to compile class for JSP: 

An error occurred at line: [7] in the jsp file: [/result.jsp]
Syntax error on token(s), misplaced construct(s)
4: 
5:   <% if(con != null){
6:   %>
7:   <%= <jsp:getProperty name="con" property="driver"%>
8:   Hello Connected
9:   <%
10:   }else{


An error occurred at line: [7] in the jsp file: [/result.jsp]
Syntax error on token(s), misplaced construct(s)
4: 
5:   <% if(con != null){
6:   %>
7:   <%= <jsp:getProperty name="con" property="driver"%>
8:   Hello Connected
9:   <%
10:   }else{


An error occurred at line: [7] in the jsp file: [/result.jsp]
Syntax error, insert ":: IdentifierOrNew" to complete ReferenceExpression
4: 
5:   <% if(con != null){
6:   %>
7:   <%= <jsp:getProperty name="con" property="driver"%>
8:   Hello Connected
9:   <%
10:   }else{


An error occurred at line: [7] in the jsp file: [/result.jsp]
Syntax error, insert "AssignmentOperator Expression" to complete Assignment
4: 
5:   <% if(con != null){
6:   %>
7:   <%= <jsp:getProperty name="con" property="driver"%>
8:   Hello Connected
9:   <%
10:   }else{


An error occurred at line: [7] in the jsp file: [/result.jsp]
Syntax error, insert ";" to complete Statement
4: 
5:   <% if(con != null){
6:   %>
7:   <%= <jsp:getProperty name="con" property="driver"%>
8:   Hello Connected
9:   <%
10:   }else{


An error occurred at line: [7] in the jsp file: [/result.jsp]
getProperty cannot be resolved to a variable
4: 
5:   <% if(con != null){
6:   %>
7:   <%= <jsp:getProperty name="con" property="driver"%>
8:   Hello Connected
9:   <%
10:   }else{


An error occurred at line: [7] in the jsp file: [/result.jsp]
name cannot be resolved to a variable
4: 
5:   <% if(con != null){
6:   %>
7:   <%= <jsp:getProperty name="con" property="driver"%>
8:   Hello Connected
9:   <%
10:   }else{


An error occurred at line: [7] in the jsp file: [/result.jsp]
Syntax error on token ""con"", invalid (
4: 
5:   <% if(con != null){
6:   %>
7:   <%= <jsp:getProperty name="con" property="driver"%>
8:   Hello Connected
9:   <%
10:   }else{


An error occurred at line: [7] in the jsp file: [/result.jsp]
property cannot be resolved to a variable
4: 
5:   <% if(con != null){
6:   %>
7:   <%= <jsp:getProperty name="con" property="driver"%>
8:   Hello Connected
9:   <%
10:   }else{


Stacktrace:
		at org.apache.jasper.compiler.DefaultErrorHandler.javacError(DefaultErrorHandler.java:70)
		at org.apache.jasper.compiler.ErrorDispatcher.javacError(ErrorDispatcher.java:189)
		at org.apache.jasper.compiler.JDTCompiler.generateClass(JDTCompiler.java:553)
		at org.apache.jasper.compiler.Compiler.compile(Compiler.java:367)
		at org.apache.jasper.compiler.Compiler.compile(Compiler.java:339)
		at org.apache.jasper.compiler.Compiler.compile(Compiler.java:325)
		at org.apache.jasper.JspCompilationContext.compile(JspCompilationContext.java:586)
		at org.apache.jasper.servlet.JspServletWrapper.service(JspServletWrapper.java:368)
		at org.apache.jasper.servlet.JspServlet.serviceJspFile(JspServlet.java:350)
		at org.apache.jasper.servlet.JspServlet.service(JspServlet.java:301)
		at jakarta.servlet.http.HttpServlet.service(HttpServlet.java:658)
		at org.apache.catalina.core.ApplicationFilterChain.internalDoFilter(ApplicationFilterChain.java:193)
		at org.apache.catalina.core.ApplicationFilterChain.doFilter(ApplicationFilterChain.java:138)
		at org.apache.tomcat.websocket.server.WsFilter.doFilter(WsFilter.java:51)
		at org.apache.catalina.core.ApplicationFilterChain.internalDoFilter(ApplicationFilterChain.java:162)
		at org.apache.catalina.core.ApplicationFilterChain.doFilter(ApplicationFilterChain.java:138)
		at org.apache.catalina.core.StandardWrapperValve.invoke(StandardWrapperValve.java:165)
		at org.apache.catalina.core.StandardContextValve.invoke(StandardContextValve.java:88)
		at org.apache.catalina.authenticator.AuthenticatorBase.invoke(AuthenticatorBase.java:492)
		at org.apache.catalina.core.StandardHostValve.invoke(StandardHostValve.java:113)
		at org.apache.catalina.valves.ErrorReportValve.invoke(ErrorReportValve.java:83)
		at org.apache.catalina.valves.AbstractAccessLogValve.invoke(AbstractAccessLogValve.java:654)
		at org.apache.catalina.core.StandardEngineValve.invoke(StandardEngineValve.java:72)
		at org.apache.catalina.connector.CoyoteAdapter.service(CoyoteAdapter.java:342)
		at org.apache.coyote.http11.Http11Processor.service(Http11Processor.java:399)
		at org.apache.coyote.AbstractProcessorLight.process(AbstractProcessorLight.java:63)
		at org.apache.coyote.AbstractProtocol$ConnectionHandler.process(AbstractProtocol.java:903)
		at org.apache.tomcat.util.net.NioEndpoint$SocketProcessor.doRun(NioEndpoint.java:1775)
		at org.apache.tomcat.util.net.SocketProcessorBase.run(SocketProcessorBase.java:52)
		at org.apache.tomcat.util.threads.ThreadPoolExecutor.runWorker(ThreadPoolExecutor.java:973)
		at org.apache.tomcat.util.threads.ThreadPoolExecutor$Worker.run(ThreadPoolExecutor.java:491)
		at org.apache.tomcat.util.threads.TaskThread$WrappingRunnable.run(TaskThread.java:63)
		at java.base/java.lang.Thread.run(Thread.java:1474)
13-Feb-2026 15:45:44.167 SEVERE [http-nio-8080-exec-1] org.apache.catalina.core.StandardWrapperValve.invoke Servlet.service() for servlet [jsp] in context with path [/app] threw exception [org.apache.jasper.JasperException: Unable to compile class for JSP: 

An error occurred at line: [7] in the jsp file: [/result.jsp]
Syntax error on token(s), misplaced construct(s)
4: 
5:   <% if(con != null){
6:   %>
7:   <%= <jsp:getProperty name="con" property="driver"/> %>
8:   Hello Connected
9:   <%
10:   }else{


An error occurred at line: [7] in the jsp file: [/result.jsp]
Syntax error on token(s), misplaced construct(s)
4: 
5:   <% if(con != null){
6:   %>
7:   <%= <jsp:getProperty name="con" property="driver"/> %>
8:   Hello Connected
9:   <%
10:   }else{


An error occurred at line: [7] in the jsp file: [/result.jsp]
Syntax error, insert ":: IdentifierOrNew" to complete ReferenceExpression
4: 
5:   <% if(con != null){
6:   %>
7:   <%= <jsp:getProperty name="con" property="driver"/> %>
8:   Hello Connected
9:   <%
10:   }else{


An error occurred at line: [7] in the jsp file: [/result.jsp]
Syntax error, insert "AssignmentOperator Expression" to complete Assignment
4: 
5:   <% if(con != null){
6:   %>
7:   <%= <jsp:getProperty name="con" property="driver"/> %>
8:   Hello Connected
9:   <%
10:   }else{


An error occurred at line: [7] in the jsp file: [/result.jsp]
Syntax error, insert ";" to complete Statement
4: 
5:   <% if(con != null){
6:   %>
7:   <%= <jsp:getProperty name="con" property="driver"/> %>
8:   Hello Connected
9:   <%
10:   }else{


An error occurred at line: [7] in the jsp file: [/result.jsp]
getProperty cannot be resolved to a variable
4: 
5:   <% if(con != null){
6:   %>
7:   <%= <jsp:getProperty name="con" property="driver"/> %>
8:   Hello Connected
9:   <%
10:   }else{


An error occurred at line: [7] in the jsp file: [/result.jsp]
name cannot be resolved to a variable
4: 
5:   <% if(con != null){
6:   %>
7:   <%= <jsp:getProperty name="con" property="driver"/> %>
8:   Hello Connected
9:   <%
10:   }else{


An error occurred at line: [7] in the jsp file: [/result.jsp]
Syntax error, insert ";" to complete Statement
4: 
5:   <% if(con != null){
6:   %>
7:   <%= <jsp:getProperty name="con" property="driver"/> %>
8:   Hello Connected
9:   <%
10:   }else{


An error occurred at line: [7] in the jsp file: [/result.jsp]
Syntax error on tokens, Expression expected instead
4: 
5:   <% if(con != null){
6:   %>
7:   <%= <jsp:getProperty name="con" property="driver"/> %>
8:   Hello Connected
9:   <%
10:   }else{


Stacktrace:] with root cause
	org.apache.jasper.JasperException: Unable to compile class for JSP: 

An error occurred at line: [7] in the jsp file: [/result.jsp]
Syntax error on token(s), misplaced construct(s)
4: 
5:   <% if(con != null){
6:   %>
7:   <%= <jsp:getProperty name="con" property="driver"/> %>
8:   Hello Connected
9:   <%
10:   }else{


An error occurred at line: [7] in the jsp file: [/result.jsp]
Syntax error on token(s), misplaced construct(s)
4: 
5:   <% if(con != null){
6:   %>
7:   <%= <jsp:getProperty name="con" property="driver"/> %>
8:   Hello Connected
9:   <%
10:   }else{


An error occurred at line: [7] in the jsp file: [/result.jsp]
Syntax error, insert ":: IdentifierOrNew" to complete ReferenceExpression
4: 
5:   <% if(con != null){
6:   %>
7:   <%= <jsp:getProperty name="con" property="driver"/> %>
8:   Hello Connected
9:   <%
10:   }else{


An error occurred at line: [7] in the jsp file: [/result.jsp]
Syntax error, insert "AssignmentOperator Expression" to complete Assignment
4: 
5:   <% if(con != null){
6:   %>
7:   <%= <jsp:getProperty name="con" property="driver"/> %>
8:   Hello Connected
9:   <%
10:   }else{


An error occurred at line: [7] in the jsp file: [/result.jsp]
Syntax error, insert ";" to complete Statement
4: 
5:   <% if(con != null){
6:   %>
7:   <%= <jsp:getProperty name="con" property="driver"/> %>
8:   Hello Connected
9:   <%
10:   }else{


An error occurred at line: [7] in the jsp file: [/result.jsp]
getProperty cannot be resolved to a variable
4: 
5:   <% if(con != null){
6:   %>
7:   <%= <jsp:getProperty name="con" property="driver"/> %>
8:   Hello Connected
9:   <%
10:   }else{


An error occurred at line: [7] in the jsp file: [/result.jsp]
name cannot be resolved to a variable
4: 
5:   <% if(con != null){
6:   %>
7:   <%= <jsp:getProperty name="con" property="driver"/> %>
8:   Hello Connected
9:   <%
10:   }else{


An error occurred at line: [7] in the jsp file: [/result.jsp]
Syntax error, insert ";" to complete Statement
4: 
5:   <% if(con != null){
6:   %>
7:   <%= <jsp:getProperty name="con" property="driver"/> %>
8:   Hello Connected
9:   <%
10:   }else{


An error occurred at line: [7] in the jsp file: [/result.jsp]
Syntax error on tokens, Expression expected instead
4: 
5:   <% if(con != null){
6:   %>
7:   <%= <jsp:getProperty name="con" property="driver"/> %>
8:   Hello Connected
9:   <%
10:   }else{


Stacktrace:
		at org.apache.jasper.compiler.DefaultErrorHandler.javacError(DefaultErrorHandler.java:70)
		at org.apache.jasper.compiler.ErrorDispatcher.javacError(ErrorDispatcher.java:189)
		at org.apache.jasper.compiler.JDTCompiler.generateClass(JDTCompiler.java:553)
		at org.apache.jasper.compiler.Compiler.compile(Compiler.java:367)
		at org.apache.jasper.compiler.Compiler.compile(Compiler.java:339)
		at org.apache.jasper.compiler.Compiler.compile(Compiler.java:325)
		at org.apache.jasper.JspCompilationContext.compile(JspCompilationContext.java:586)
		at org.apache.jasper.servlet.JspServletWrapper.service(JspServletWrapper.java:368)
		at org.apache.jasper.servlet.JspServlet.serviceJspFile(JspServlet.java:350)
		at org.apache.jasper.servlet.JspServlet.service(JspServlet.java:301)
		at jakarta.servlet.http.HttpServlet.service(HttpServlet.java:658)
		at org.apache.catalina.core.ApplicationFilterChain.internalDoFilter(ApplicationFilterChain.java:193)
		at org.apache.catalina.core.ApplicationFilterChain.doFilter(ApplicationFilterChain.java:138)
		at org.apache.tomcat.websocket.server.WsFilter.doFilter(WsFilter.java:51)
		at org.apache.catalina.core.ApplicationFilterChain.internalDoFilter(ApplicationFilterChain.java:162)
		at org.apache.catalina.core.ApplicationFilterChain.doFilter(ApplicationFilterChain.java:138)
		at org.apache.catalina.core.StandardWrapperValve.invoke(StandardWrapperValve.java:165)
		at org.apache.catalina.core.StandardContextValve.invoke(StandardContextValve.java:88)
		at org.apache.catalina.authenticator.AuthenticatorBase.invoke(AuthenticatorBase.java:492)
		at org.apache.catalina.core.StandardHostValve.invoke(StandardHostValve.java:113)
		at org.apache.catalina.valves.ErrorReportValve.invoke(ErrorReportValve.java:83)
		at org.apache.catalina.valves.AbstractAccessLogValve.invoke(AbstractAccessLogValve.java:654)
		at org.apache.catalina.core.StandardEngineValve.invoke(StandardEngineValve.java:72)
		at org.apache.catalina.connector.CoyoteAdapter.service(CoyoteAdapter.java:342)
		at org.apache.coyote.http11.Http11Processor.service(Http11Processor.java:399)
		at org.apache.coyote.AbstractProcessorLight.process(AbstractProcessorLight.java:63)
		at org.apache.coyote.AbstractProtocol$ConnectionHandler.process(AbstractProtocol.java:903)
		at org.apache.tomcat.util.net.NioEndpoint$SocketProcessor.doRun(NioEndpoint.java:1775)
		at org.apache.tomcat.util.net.SocketProcessorBase.run(SocketProcessorBase.java:52)
		at org.apache.tomcat.util.threads.ThreadPoolExecutor.runWorker(ThreadPoolExecutor.java:973)
		at org.apache.tomcat.util.threads.ThreadPoolExecutor$Worker.run(ThreadPoolExecutor.java:491)
		at org.apache.tomcat.util.threads.TaskThread$WrappingRunnable.run(TaskThread.java:63)
		at java.base/java.lang.Thread.run(Thread.java:1474)
13-Feb-2026 15:49:43.412 SEVERE [http-nio-8080-exec-1] org.apache.catalina.core.StandardWrapperValve.invoke Servlet.service() for servlet [jsp] in context with path [/app] threw exception [org.apache.jasper.JasperException: Unable to compile class for JSP: 

An error occurred at line: [5] in the jsp file: [/result.jsp]
Syntax error on token "&&", Expression expected after this token
2: <html>
3: <body>
4:     boolean status = con.getConnection();
5:   <% if(con != null && ){
6:   %>
7:   status //
8:   <jsp:getProperty name="con" property="driver"/>


Stacktrace:] with root cause
	org.apache.jasper.JasperException: Unable to compile class for JSP: 

An error occurred at line: [5] in the jsp file: [/result.jsp]
Syntax error on token "&&", Expression expected after this token
2: <html>
3: <body>
4:     boolean status = con.getConnection();
5:   <% if(con != null && ){
6:   %>
7:   status //
8:   <jsp:getProperty name="con" property="driver"/>


Stacktrace:
		at org.apache.jasper.compiler.DefaultErrorHandler.javacError(DefaultErrorHandler.java:70)
		at org.apache.jasper.compiler.ErrorDispatcher.javacError(ErrorDispatcher.java:189)
		at org.apache.jasper.compiler.JDTCompiler.generateClass(JDTCompiler.java:553)
		at org.apache.jasper.compiler.Compiler.compile(Compiler.java:367)
		at org.apache.jasper.compiler.Compiler.compile(Compiler.java:339)
		at org.apache.jasper.compiler.Compiler.compile(Compiler.java:325)
		at org.apache.jasper.JspCompilationContext.compile(JspCompilationContext.java:586)
		at org.apache.jasper.servlet.JspServletWrapper.service(JspServletWrapper.java:368)
		at org.apache.jasper.servlet.JspServlet.serviceJspFile(JspServlet.java:350)
		at org.apache.jasper.servlet.JspServlet.service(JspServlet.java:301)
		at jakarta.servlet.http.HttpServlet.service(HttpServlet.java:658)
		at org.apache.catalina.core.ApplicationFilterChain.internalDoFilter(ApplicationFilterChain.java:193)
		at org.apache.catalina.core.ApplicationFilterChain.doFilter(ApplicationFilterChain.java:138)
		at org.apache.tomcat.websocket.server.WsFilter.doFilter(WsFilter.java:51)
		at org.apache.catalina.core.ApplicationFilterChain.internalDoFilter(ApplicationFilterChain.java:162)
		at org.apache.catalina.core.ApplicationFilterChain.doFilter(ApplicationFilterChain.java:138)
		at org.apache.catalina.core.StandardWrapperValve.invoke(StandardWrapperValve.java:165)
		at org.apache.catalina.core.StandardContextValve.invoke(StandardContextValve.java:88)
		at org.apache.catalina.authenticator.AuthenticatorBase.invoke(AuthenticatorBase.java:492)
		at org.apache.catalina.core.StandardHostValve.invoke(StandardHostValve.java:113)
		at org.apache.catalina.valves.ErrorReportValve.invoke(ErrorReportValve.java:83)
		at org.apache.catalina.valves.AbstractAccessLogValve.invoke(AbstractAccessLogValve.java:654)
		at org.apache.catalina.core.StandardEngineValve.invoke(StandardEngineValve.java:72)
		at org.apache.catalina.connector.CoyoteAdapter.service(CoyoteAdapter.java:342)
		at org.apache.coyote.http11.Http11Processor.service(Http11Processor.java:399)
		at org.apache.coyote.AbstractProcessorLight.process(AbstractProcessorLight.java:63)
		at org.apache.coyote.AbstractProtocol$ConnectionHandler.process(AbstractProtocol.java:903)
		at org.apache.tomcat.util.net.NioEndpoint$SocketProcessor.doRun(NioEndpoint.java:1775)
		at org.apache.tomcat.util.net.SocketProcessorBase.run(SocketProcessorBase.java:52)
		at org.apache.tomcat.util.threads.ThreadPoolExecutor.runWorker(ThreadPoolExecutor.java:973)
		at org.apache.tomcat.util.threads.ThreadPoolExecutor$Worker.run(ThreadPoolExecutor.java:491)
		at org.apache.tomcat.util.threads.TaskThread$WrappingRunnable.run(TaskThread.java:63)
		at java.base/java.lang.Thread.run(Thread.java:1474)
13-Feb-2026 15:52:24.687 SEVERE [http-nio-8080-exec-2] org.apache.catalina.core.StandardWrapperValve.invoke Servlet.service() for servlet [jsp] in context with path [/app] threw exception [org.apache.jasper.JasperException: Unable to compile class for JSP: 

An error occurred at line: [5] in the jsp file: [/result.jsp]
Syntax error on token "&&", Expression expected after this token
2: <html>
3: <body>
4:     boolean status = con.getConnection();
5:   <% if(con != null && ){
6:   %>
7:   ${status} //
8:   <jsp:getProperty name="con" property="driver"/>


Stacktrace:] with root cause
	org.apache.jasper.JasperException: Unable to compile class for JSP: 

An error occurred at line: [5] in the jsp file: [/result.jsp]
Syntax error on token "&&", Expression expected after this token
2: <html>
3: <body>
4:     boolean status = con.getConnection();
5:   <% if(con != null && ){
6:   %>
7:   ${status} //
8:   <jsp:getProperty name="con" property="driver"/>


Stacktrace:
		at org.apache.jasper.compiler.DefaultErrorHandler.javacError(DefaultErrorHandler.java:70)
		at org.apache.jasper.compiler.ErrorDispatcher.javacError(ErrorDispatcher.java:189)
		at org.apache.jasper.compiler.JDTCompiler.generateClass(JDTCompiler.java:553)
		at org.apache.jasper.compiler.Compiler.compile(Compiler.java:367)
		at org.apache.jasper.compiler.Compiler.compile(Compiler.java:339)
		at org.apache.jasper.compiler.Compiler.compile(Compiler.java:325)
		at org.apache.jasper.JspCompilationContext.compile(JspCompilationContext.java:586)
		at org.apache.jasper.servlet.JspServletWrapper.service(JspServletWrapper.java:368)
		at org.apache.jasper.servlet.JspServlet.serviceJspFile(JspServlet.java:350)
		at org.apache.jasper.servlet.JspServlet.service(JspServlet.java:301)
		at jakarta.servlet.http.HttpServlet.service(HttpServlet.java:658)
		at org.apache.catalina.core.ApplicationFilterChain.internalDoFilter(ApplicationFilterChain.java:193)
		at org.apache.catalina.core.ApplicationFilterChain.doFilter(ApplicationFilterChain.java:138)
		at org.apache.tomcat.websocket.server.WsFilter.doFilter(WsFilter.java:51)
		at org.apache.catalina.core.ApplicationFilterChain.internalDoFilter(ApplicationFilterChain.java:162)
		at org.apache.catalina.core.ApplicationFilterChain.doFilter(ApplicationFilterChain.java:138)
		at org.apache.catalina.core.StandardWrapperValve.invoke(StandardWrapperValve.java:165)
		at org.apache.catalina.core.StandardContextValve.invoke(StandardContextValve.java:88)
		at org.apache.catalina.authenticator.AuthenticatorBase.invoke(AuthenticatorBase.java:492)
		at org.apache.catalina.core.StandardHostValve.invoke(StandardHostValve.java:113)
		at org.apache.catalina.valves.ErrorReportValve.invoke(ErrorReportValve.java:83)
		at org.apache.catalina.valves.AbstractAccessLogValve.invoke(AbstractAccessLogValve.java:654)
		at org.apache.catalina.core.StandardEngineValve.invoke(StandardEngineValve.java:72)
		at org.apache.catalina.connector.CoyoteAdapter.service(CoyoteAdapter.java:342)
		at org.apache.coyote.http11.Http11Processor.service(Http11Processor.java:399)
		at org.apache.coyote.AbstractProcessorLight.process(AbstractProcessorLight.java:63)
		at org.apache.coyote.AbstractProtocol$ConnectionHandler.process(AbstractProtocol.java:903)
		at org.apache.tomcat.util.net.NioEndpoint$SocketProcessor.doRun(NioEndpoint.java:1775)
		at org.apache.tomcat.util.net.SocketProcessorBase.run(SocketProcessorBase.java:52)
		at org.apache.tomcat.util.threads.ThreadPoolExecutor.runWorker(ThreadPoolExecutor.java:973)
		at org.apache.tomcat.util.threads.ThreadPoolExecutor$Worker.run(ThreadPoolExecutor.java:491)
		at org.apache.tomcat.util.threads.TaskThread$WrappingRunnable.run(TaskThread.java:63)
		at java.base/java.lang.Thread.run(Thread.java:1474)
13-Feb-2026 15:58:30.154 SEVERE [http-nio-8080-exec-1] org.apache.catalina.core.StandardWrapperValve.invoke Servlet.service() for servlet [jsp] in context with path [/app] threw exception [org.apache.jasper.JasperException: /make_connection.jsp (line: [9], column: [2]) Unterminated [&lt;%] tag] with root cause
	org.apache.jasper.JasperException: /make_connection.jsp (line: [9], column: [2]) Unterminated [&lt;%] tag
		at org.apache.jasper.compiler.DefaultErrorHandler.jspError(DefaultErrorHandler.java:29)
		at org.apache.jasper.compiler.ErrorDispatcher.dispatch(ErrorDispatcher.java:265)
		at org.apache.jasper.compiler.ErrorDispatcher.jspError(ErrorDispatcher.java:88)
		at org.apache.jasper.compiler.Parser.parseScriptlet(Parser.java:722)
		at org.apache.jasper.compiler.Parser.parseElements(Parser.java:1360)
		at org.apache.jasper.compiler.Parser.parse(Parser.java:127)
		at org.apache.jasper.compiler.ParserController.doParse(ParserController.java:240)
		at org.apache.jasper.compiler.ParserController.parse(ParserController.java:103)
		at org.apache.jasper.compiler.Compiler.generateJava(Compiler.java:188)
		at org.apache.jasper.compiler.Compiler.compile(Compiler.java:361)
		at org.apache.jasper.compiler.Compiler.compile(Compiler.java:339)
		at org.apache.jasper.compiler.Compiler.compile(Compiler.java:325)
		at org.apache.jasper.JspCompilationContext.compile(JspCompilationContext.java:586)
		at org.apache.jasper.servlet.JspServletWrapper.service(JspServletWrapper.java:368)
		at org.apache.jasper.servlet.JspServlet.serviceJspFile(JspServlet.java:350)
		at org.apache.jasper.servlet.JspServlet.service(JspServlet.java:301)
		at jakarta.servlet.http.HttpServlet.service(HttpServlet.java:658)
		at org.apache.catalina.core.ApplicationFilterChain.internalDoFilter(ApplicationFilterChain.java:193)
		at org.apache.catalina.core.ApplicationFilterChain.doFilter(ApplicationFilterChain.java:138)
		at org.apache.tomcat.websocket.server.WsFilter.doFilter(WsFilter.java:51)
		at org.apache.catalina.core.ApplicationFilterChain.internalDoFilter(ApplicationFilterChain.java:162)
		at org.apache.catalina.core.ApplicationFilterChain.doFilter(ApplicationFilterChain.java:138)
		at org.apache.catalina.core.StandardWrapperValve.invoke(StandardWrapperValve.java:165)
		at org.apache.catalina.core.StandardContextValve.invoke(StandardContextValve.java:88)
		at org.apache.catalina.authenticator.AuthenticatorBase.invoke(AuthenticatorBase.java:492)
		at org.apache.catalina.core.StandardHostValve.invoke(StandardHostValve.java:113)
		at org.apache.catalina.valves.ErrorReportValve.invoke(ErrorReportValve.java:83)
		at org.apache.catalina.valves.AbstractAccessLogValve.invoke(AbstractAccessLogValve.java:654)
		at org.apache.catalina.core.StandardEngineValve.invoke(StandardEngineValve.java:72)
		at org.apache.catalina.connector.CoyoteAdapter.service(CoyoteAdapter.java:342)
		at org.apache.coyote.http11.Http11Processor.service(Http11Processor.java:399)
		at org.apache.coyote.AbstractProcessorLight.process(AbstractProcessorLight.java:63)
		at org.apache.coyote.AbstractProtocol$ConnectionHandler.process(AbstractProtocol.java:903)
		at org.apache.tomcat.util.net.NioEndpoint$SocketProcessor.doRun(NioEndpoint.java:1775)
		at org.apache.tomcat.util.net.SocketProcessorBase.run(SocketProcessorBase.java:52)
		at org.apache.tomcat.util.threads.ThreadPoolExecutor.runWorker(ThreadPoolExecutor.java:973)
		at org.apache.tomcat.util.threads.ThreadPoolExecutor$Worker.run(ThreadPoolExecutor.java:491)
		at org.apache.tomcat.util.threads.TaskThread$WrappingRunnable.run(TaskThread.java:63)
		at java.base/java.lang.Thread.run(Thread.java:1474)
