12-Feb-2026 14:13:07.998 INFO [main] org.apache.catalina.startup.VersionLoggerListener.log Server version name:   Apache Tomcat/10.1.52
12-Feb-2026 14:13:08.002 INFO [main] org.apache.catalina.startup.VersionLoggerListener.log Server built:          Jan 23 2026 19:29:07 UTC
12-Feb-2026 14:13:08.002 INFO [main] org.apache.catalina.startup.VersionLoggerListener.log Server version number: 10.1.52.0
12-Feb-2026 14:13:08.002 INFO [main] org.apache.catalina.startup.VersionLoggerListener.log OS Name:               Mac OS X
12-Feb-2026 14:13:08.003 INFO [main] org.apache.catalina.startup.VersionLoggerListener.log OS Version:            26.2
12-Feb-2026 14:13:08.003 INFO [main] org.apache.catalina.startup.VersionLoggerListener.log Architecture:          aarch64
12-Feb-2026 14:13:08.003 INFO [main] org.apache.catalina.startup.VersionLoggerListener.log Java Home:             /opt/homebrew/Cellar/openjdk/25.0.1/libexec/openjdk.jdk/Contents/Home
12-Feb-2026 14:13:08.003 INFO [main] org.apache.catalina.startup.VersionLoggerListener.log JVM Version:           25.0.1
12-Feb-2026 14:13:08.003 INFO [main] org.apache.catalina.startup.VersionLoggerListener.log JVM Vendor:            Homebrew
12-Feb-2026 14:13:08.003 INFO [main] org.apache.catalina.startup.VersionLoggerListener.log CATALINA_BASE:         /Users/adityadaharwal/Developer/TEST_PROJECT/src/week6/day3/JSP_EXAMPLE/src/main/webpages
12-Feb-2026 14:13:08.003 INFO [main] org.apache.catalina.startup.VersionLoggerListener.log CATALINA_HOME:         /Users/adityadaharwal/Developer/TEST_PROJECT/src/week6/apache-tomcat-10.1.52
12-Feb-2026 14:13:08.019 INFO [main] org.apache.catalina.startup.VersionLoggerListener.log Command line argument: --add-opens=java.base/java.lang=ALL-UNNAMED
12-Feb-2026 14:13:08.019 INFO [main] org.apache.catalina.startup.VersionLoggerListener.log Command line argument: --add-opens=java.base/java.io=ALL-UNNAMED
12-Feb-2026 14:13:08.019 INFO [main] org.apache.catalina.startup.VersionLoggerListener.log Command line argument: --add-opens=java.base/java.util=ALL-UNNAMED
12-Feb-2026 14:13:08.019 INFO [main] org.apache.catalina.startup.VersionLoggerListener.log Command line argument: --add-opens=java.base/java.util.concurrent=ALL-UNNAMED
12-Feb-2026 14:13:08.019 INFO [main] org.apache.catalina.startup.VersionLoggerListener.log Command line argument: --add-opens=java.rmi/sun.rmi.transport=ALL-UNNAMED
12-Feb-2026 14:13:08.019 INFO [main] org.apache.catalina.startup.VersionLoggerListener.log Command line argument: -Dcatalina.home=/Users/adityadaharwal/Developer/TEST_PROJECT/src/week6/apache-tomcat-10.1.52
12-Feb-2026 14:13:08.020 INFO [main] org.apache.catalina.startup.VersionLoggerListener.log Command line argument: -Dcatalina.base=/Users/adityadaharwal/Developer/TEST_PROJECT/src/week6/day3/JSP_EXAMPLE/src/main/webpages
12-Feb-2026 14:13:08.020 INFO [main] org.apache.catalina.startup.VersionLoggerListener.log Command line argument: -Djava.io.tmpdir=/Users/adityadaharwal/Developer/TEST_PROJECT/src/week6/day3/JSP_EXAMPLE/src/main/webpages/temp
12-Feb-2026 14:13:08.020 INFO [main] org.apache.catalina.startup.VersionLoggerListener.log Command line argument: -Djava.util.logging.config.file=/Users/adityadaharwal/Developer/TEST_PROJECT/src/week6/day3/JSP_EXAMPLE/src/main/webpages/conf/logging.properties
12-Feb-2026 14:13:08.020 INFO [main] org.apache.catalina.startup.VersionLoggerListener.log Command line argument: -Djava.util.logging.manager=org.apache.juli.ClassLoaderLogManager
12-Feb-2026 14:13:08.020 INFO [main] org.apache.catalina.startup.VersionLoggerListener.log Command line argument: -javaagent:/Applications/IntelliJ IDEA.app/Contents/lib/idea_rt.jar=64061
12-Feb-2026 14:13:08.020 INFO [main] org.apache.catalina.startup.VersionLoggerListener.log Command line argument: -Dfile.encoding=UTF-8
12-Feb-2026 14:13:08.020 INFO [main] org.apache.catalina.startup.VersionLoggerListener.log Command line argument: -Dsun.stdout.encoding=UTF-8
12-Feb-2026 14:13:08.021 INFO [main] org.apache.catalina.startup.VersionLoggerListener.log Command line argument: -Dsun.stderr.encoding=UTF-8
12-Feb-2026 14:13:08.041 INFO [main] org.apache.catalina.core.AprLifecycleListener.lifecycleEvent The Apache Tomcat Native library which allows using OpenSSL was not found on the java.library.path: [/Users/adityadaharwal/Library/Java/Extensions:/Library/Java/Extensions:/Network/Library/Java/Extensions:/System/Library/Java/Extensions:/usr/lib/java:.]
12-Feb-2026 14:13:08.432 INFO [main] org.apache.coyote.AbstractProtocol.init Initializing ProtocolHandler ["http-nio-8080"]
12-Feb-2026 14:13:08.450 INFO [main] org.apache.catalina.startup.Catalina.load Server initialization in [744] milliseconds
12-Feb-2026 14:13:08.483 INFO [main] org.apache.catalina.core.StandardService.startInternal Starting service [Catalina]
12-Feb-2026 14:13:08.483 INFO [main] org.apache.catalina.core.StandardEngine.startInternal Starting Servlet engine: [Apache Tomcat/10.1.52]
12-Feb-2026 14:13:08.491 INFO [main] org.apache.catalina.startup.HostConfig.deployDescriptor Deploying deployment descriptor [/Users/adityadaharwal/Developer/TEST_PROJECT/src/week6/day3/JSP_EXAMPLE/src/main/webpages/conf/Catalina/localhost/app.xml]
12-Feb-2026 14:13:08.784 INFO [main] org.apache.catalina.startup.HostConfig.deployDescriptor Deployment of deployment descriptor [/Users/adityadaharwal/Developer/TEST_PROJECT/src/week6/day3/JSP_EXAMPLE/src/main/webpages/conf/Catalina/localhost/app.xml] has finished in [290] ms
12-Feb-2026 14:13:08.787 INFO [main] org.apache.coyote.AbstractProtocol.start Starting ProtocolHandler ["http-nio-8080"]
12-Feb-2026 14:13:08.805 INFO [main] org.apache.catalina.startup.Catalina.start Server startup in [353] milliseconds
12-Feb-2026 14:14:09.985 INFO [Thread-1] org.apache.coyote.AbstractProtocol.pause Pausing ProtocolHandler ["http-nio-8080"]
12-Feb-2026 14:14:09.997 INFO [Thread-1] org.apache.catalina.core.StandardService.stopInternal Stopping service [Catalina]
12-Feb-2026 14:14:10.014 INFO [Thread-1] org.apache.coyote.AbstractProtocol.stop Stopping ProtocolHandler ["http-nio-8080"]
12-Feb-2026 14:14:10.025 INFO [Thread-1] org.apache.coyote.AbstractProtocol.destroy Destroying ProtocolHandler ["http-nio-8080"]
12-Feb-2026 14:14:12.137 INFO [main] org.apache.catalina.startup.VersionLoggerListener.log Server version name:   Apache Tomcat/10.1.52
12-Feb-2026 14:14:12.139 INFO [main] org.apache.catalina.startup.VersionLoggerListener.log Server built:          Jan 23 2026 19:29:07 UTC
12-Feb-2026 14:14:12.139 INFO [main] org.apache.catalina.startup.VersionLoggerListener.log Server version number: 10.1.52.0
12-Feb-2026 14:14:12.139 INFO [main] org.apache.catalina.startup.VersionLoggerListener.log OS Name:               Mac OS X
12-Feb-2026 14:14:12.139 INFO [main] org.apache.catalina.startup.VersionLoggerListener.log OS Version:            26.2
12-Feb-2026 14:14:12.140 INFO [main] org.apache.catalina.startup.VersionLoggerListener.log Architecture:          aarch64
12-Feb-2026 14:14:12.140 INFO [main] org.apache.catalina.startup.VersionLoggerListener.log Java Home:             /opt/homebrew/Cellar/openjdk/25.0.1/libexec/openjdk.jdk/Contents/Home
12-Feb-2026 14:14:12.140 INFO [main] org.apache.catalina.startup.VersionLoggerListener.log JVM Version:           25.0.1
12-Feb-2026 14:14:12.140 INFO [main] org.apache.catalina.startup.VersionLoggerListener.log JVM Vendor:            Homebrew
12-Feb-2026 14:14:12.140 INFO [main] org.apache.catalina.startup.VersionLoggerListener.log CATALINA_BASE:         /Users/adityadaharwal/Developer/TEST_PROJECT/src/week6/day3/JSP_EXAMPLE/src/main/webpages
12-Feb-2026 14:14:12.140 INFO [main] org.apache.catalina.startup.VersionLoggerListener.log CATALINA_HOME:         /Users/adityadaharwal/Developer/TEST_PROJECT/src/week6/apache-tomcat-10.1.52
12-Feb-2026 14:14:12.149 INFO [main] org.apache.catalina.startup.VersionLoggerListener.log Command line argument: --add-opens=java.base/java.lang=ALL-UNNAMED
12-Feb-2026 14:14:12.150 INFO [main] org.apache.catalina.startup.VersionLoggerListener.log Command line argument: --add-opens=java.base/java.io=ALL-UNNAMED
12-Feb-2026 14:14:12.150 INFO [main] org.apache.catalina.startup.VersionLoggerListener.log Command line argument: --add-opens=java.base/java.util=ALL-UNNAMED
12-Feb-2026 14:14:12.150 INFO [main] org.apache.catalina.startup.VersionLoggerListener.log Command line argument: --add-opens=java.base/java.util.concurrent=ALL-UNNAMED
12-Feb-2026 14:14:12.150 INFO [main] org.apache.catalina.startup.VersionLoggerListener.log Command line argument: --add-opens=java.rmi/sun.rmi.transport=ALL-UNNAMED
12-Feb-2026 14:14:12.150 INFO [main] org.apache.catalina.startup.VersionLoggerListener.log Command line argument: -Dcatalina.home=/Users/adityadaharwal/Developer/TEST_PROJECT/src/week6/apache-tomcat-10.1.52
12-Feb-2026 14:14:12.150 INFO [main] org.apache.catalina.startup.VersionLoggerListener.log Command line argument: -Dcatalina.base=/Users/adityadaharwal/Developer/TEST_PROJECT/src/week6/day3/JSP_EXAMPLE/src/main/webpages
12-Feb-2026 14:14:12.150 INFO [main] org.apache.catalina.startup.VersionLoggerListener.log Command line argument: -Djava.io.tmpdir=/Users/adityadaharwal/Developer/TEST_PROJECT/src/week6/day3/JSP_EXAMPLE/src/main/webpages/temp
12-Feb-2026 14:14:12.150 INFO [main] org.apache.catalina.startup.VersionLoggerListener.log Command line argument: -Djava.util.logging.config.file=/Users/adityadaharwal/Developer/TEST_PROJECT/src/week6/day3/JSP_EXAMPLE/src/main/webpages/conf/logging.properties
12-Feb-2026 14:14:12.150 INFO [main] org.apache.catalina.startup.VersionLoggerListener.log Command line argument: -Djava.util.logging.manager=org.apache.juli.ClassLoaderLogManager
12-Feb-2026 14:14:12.150 INFO [main] org.apache.catalina.startup.VersionLoggerListener.log Command line argument: -javaagent:/Applications/IntelliJ IDEA.app/Contents/lib/idea_rt.jar=64067
12-Feb-2026 14:14:12.150 INFO [main] org.apache.catalina.startup.VersionLoggerListener.log Command line argument: -Dfile.encoding=UTF-8
12-Feb-2026 14:14:12.150 INFO [main] org.apache.catalina.startup.VersionLoggerListener.log Command line argument: -Dsun.stdout.encoding=UTF-8
12-Feb-2026 14:14:12.150 INFO [main] org.apache.catalina.startup.VersionLoggerListener.log Command line argument: -Dsun.stderr.encoding=UTF-8
12-Feb-2026 14:14:12.161 INFO [main] org.apache.catalina.core.AprLifecycleListener.lifecycleEvent The Apache Tomcat Native library which allows using OpenSSL was not found on the java.library.path: [/Users/adityadaharwal/Library/Java/Extensions:/Library/Java/Extensions:/Network/Library/Java/Extensions:/System/Library/Java/Extensions:/usr/lib/java:.]
12-Feb-2026 14:14:12.472 INFO [main] org.apache.coyote.AbstractProtocol.init Initializing ProtocolHandler ["http-nio-8080"]
12-Feb-2026 14:14:12.494 INFO [main] org.apache.catalina.startup.Catalina.load Server initialization in [518] milliseconds
12-Feb-2026 14:14:12.561 INFO [main] org.apache.catalina.core.StandardService.startInternal Starting service [Catalina]
12-Feb-2026 14:14:12.562 INFO [main] org.apache.catalina.core.StandardEngine.startInternal Starting Servlet engine: [Apache Tomcat/10.1.52]
12-Feb-2026 14:14:12.580 INFO [main] org.apache.catalina.startup.HostConfig.deployDescriptor Deploying deployment descriptor [/Users/adityadaharwal/Developer/TEST_PROJECT/src/week6/day3/JSP_EXAMPLE/src/main/webpages/conf/Catalina/localhost/app.xml]
12-Feb-2026 14:14:12.951 INFO [main] org.apache.catalina.startup.HostConfig.deployDescriptor Deployment of deployment descriptor [/Users/adityadaharwal/Developer/TEST_PROJECT/src/week6/day3/JSP_EXAMPLE/src/main/webpages/conf/Catalina/localhost/app.xml] has finished in [368] ms
12-Feb-2026 14:14:12.954 INFO [main] org.apache.coyote.AbstractProtocol.start Starting ProtocolHandler ["http-nio-8080"]
12-Feb-2026 14:14:12.973 INFO [main] org.apache.catalina.startup.Catalina.start Server startup in [476] milliseconds
12-Feb-2026 14:16:29.788 INFO [Thread-1] org.apache.coyote.AbstractProtocol.pause Pausing ProtocolHandler ["http-nio-8080"]
12-Feb-2026 14:16:29.797 INFO [Thread-1] org.apache.catalina.core.StandardService.stopInternal Stopping service [Catalina]
12-Feb-2026 14:16:29.812 INFO [Thread-1] org.apache.coyote.AbstractProtocol.stop Stopping ProtocolHandler ["http-nio-8080"]
12-Feb-2026 14:16:29.824 INFO [Thread-1] org.apache.coyote.AbstractProtocol.destroy Destroying ProtocolHandler ["http-nio-8080"]
12-Feb-2026 14:16:31.480 INFO [main] org.apache.catalina.startup.VersionLoggerListener.log Server version name:   Apache Tomcat/10.1.52
12-Feb-2026 14:16:31.484 INFO [main] org.apache.catalina.startup.VersionLoggerListener.log Server built:          Jan 23 2026 19:29:07 UTC
12-Feb-2026 14:16:31.484 INFO [main] org.apache.catalina.startup.VersionLoggerListener.log Server version number: 10.1.52.0
12-Feb-2026 14:16:31.484 INFO [main] org.apache.catalina.startup.VersionLoggerListener.log OS Name:               Mac OS X
12-Feb-2026 14:16:31.485 INFO [main] org.apache.catalina.startup.VersionLoggerListener.log OS Version:            26.2
12-Feb-2026 14:16:31.486 INFO [main] org.apache.catalina.startup.VersionLoggerListener.log Architecture:          aarch64
12-Feb-2026 14:16:31.486 INFO [main] org.apache.catalina.startup.VersionLoggerListener.log Java Home:             /opt/homebrew/Cellar/openjdk/25.0.1/libexec/openjdk.jdk/Contents/Home
12-Feb-2026 14:16:31.486 INFO [main] org.apache.catalina.startup.VersionLoggerListener.log JVM Version:           25.0.1
12-Feb-2026 14:16:31.487 INFO [main] org.apache.catalina.startup.VersionLoggerListener.log JVM Vendor:            Homebrew
12-Feb-2026 14:16:31.487 INFO [main] org.apache.catalina.startup.VersionLoggerListener.log CATALINA_BASE:         /Users/adityadaharwal/Developer/TEST_PROJECT/src/week6/day3/JSP_EXAMPLE/src/main/webpages
12-Feb-2026 14:16:31.487 INFO [main] org.apache.catalina.startup.VersionLoggerListener.log CATALINA_HOME:         /Users/adityadaharwal/Developer/TEST_PROJECT/src/week6/apache-tomcat-10.1.52
12-Feb-2026 14:16:31.500 INFO [main] org.apache.catalina.startup.VersionLoggerListener.log Command line argument: --add-opens=java.base/java.lang=ALL-UNNAMED
12-Feb-2026 14:16:31.501 INFO [main] org.apache.catalina.startup.VersionLoggerListener.log Command line argument: --add-opens=java.base/java.io=ALL-UNNAMED
12-Feb-2026 14:16:31.501 INFO [main] org.apache.catalina.startup.VersionLoggerListener.log Command line argument: --add-opens=java.base/java.util=ALL-UNNAMED
12-Feb-2026 14:16:31.501 INFO [main] org.apache.catalina.startup.VersionLoggerListener.log Command line argument: --add-opens=java.base/java.util.concurrent=ALL-UNNAMED
12-Feb-2026 14:16:31.501 INFO [main] org.apache.catalina.startup.VersionLoggerListener.log Command line argument: --add-opens=java.rmi/sun.rmi.transport=ALL-UNNAMED
12-Feb-2026 14:16:31.501 INFO [main] org.apache.catalina.startup.VersionLoggerListener.log Command line argument: -Dcatalina.home=/Users/adityadaharwal/Developer/TEST_PROJECT/src/week6/apache-tomcat-10.1.52
12-Feb-2026 14:16:31.501 INFO [main] org.apache.catalina.startup.VersionLoggerListener.log Command line argument: -Dcatalina.base=/Users/adityadaharwal/Developer/TEST_PROJECT/src/week6/day3/JSP_EXAMPLE/src/main/webpages
12-Feb-2026 14:16:31.501 INFO [main] org.apache.catalina.startup.VersionLoggerListener.log Command line argument: -Djava.io.tmpdir=/Users/adityadaharwal/Developer/TEST_PROJECT/src/week6/day3/JSP_EXAMPLE/src/main/webpages/temp
12-Feb-2026 14:16:31.502 INFO [main] org.apache.catalina.startup.VersionLoggerListener.log Command line argument: -Djava.util.logging.config.file=/Users/adityadaharwal/Developer/TEST_PROJECT/src/week6/day3/JSP_EXAMPLE/src/main/webpages/conf/logging.properties
12-Feb-2026 14:16:31.502 INFO [main] org.apache.catalina.startup.VersionLoggerListener.log Command line argument: -Djava.util.logging.manager=org.apache.juli.ClassLoaderLogManager
12-Feb-2026 14:16:31.502 INFO [main] org.apache.catalina.startup.VersionLoggerListener.log Command line argument: -javaagent:/Applications/IntelliJ IDEA.app/Contents/lib/idea_rt.jar=64080
12-Feb-2026 14:16:31.502 INFO [main] org.apache.catalina.startup.VersionLoggerListener.log Command line argument: -Dfile.encoding=UTF-8
12-Feb-2026 14:16:31.502 INFO [main] org.apache.catalina.startup.VersionLoggerListener.log Command line argument: -Dsun.stdout.encoding=UTF-8
12-Feb-2026 14:16:31.502 INFO [main] org.apache.catalina.startup.VersionLoggerListener.log Command line argument: -Dsun.stderr.encoding=UTF-8
12-Feb-2026 14:16:31.519 INFO [main] org.apache.catalina.core.AprLifecycleListener.lifecycleEvent The Apache Tomcat Native library which allows using OpenSSL was not found on the java.library.path: [/Users/adityadaharwal/Library/Java/Extensions:/Library/Java/Extensions:/Network/Library/Java/Extensions:/System/Library/Java/Extensions:/usr/lib/java:.]
12-Feb-2026 14:16:31.862 INFO [main] org.apache.coyote.AbstractProtocol.init Initializing ProtocolHandler ["http-nio-8080"]
12-Feb-2026 14:16:31.880 INFO [main] org.apache.catalina.startup.Catalina.load Server initialization in [770] milliseconds
12-Feb-2026 14:16:31.921 INFO [main] org.apache.catalina.core.StandardService.startInternal Starting service [Catalina]
12-Feb-2026 14:16:31.921 INFO [main] org.apache.catalina.core.StandardEngine.startInternal Starting Servlet engine: [Apache Tomcat/10.1.52]
12-Feb-2026 14:16:31.929 INFO [main] org.apache.catalina.startup.HostConfig.deployDescriptor Deploying deployment descriptor [/Users/adityadaharwal/Developer/TEST_PROJECT/src/week6/day3/JSP_EXAMPLE/src/main/webpages/conf/Catalina/localhost/app.xml]
12-Feb-2026 14:16:32.238 INFO [main] org.apache.catalina.startup.HostConfig.deployDescriptor Deployment of deployment descriptor [/Users/adityadaharwal/Developer/TEST_PROJECT/src/week6/day3/JSP_EXAMPLE/src/main/webpages/conf/Catalina/localhost/app.xml] has finished in [306] ms
12-Feb-2026 14:16:32.241 INFO [main] org.apache.coyote.AbstractProtocol.start Starting ProtocolHandler ["http-nio-8080"]
12-Feb-2026 14:16:32.260 INFO [main] org.apache.catalina.startup.Catalina.start Server startup in [378] milliseconds
12-Feb-2026 14:16:40.285 INFO [Thread-1] org.apache.coyote.AbstractProtocol.pause Pausing ProtocolHandler ["http-nio-8080"]
12-Feb-2026 14:16:40.290 INFO [Thread-1] org.apache.catalina.core.StandardService.stopInternal Stopping service [Catalina]
12-Feb-2026 14:16:40.299 INFO [Thread-1] org.apache.coyote.AbstractProtocol.stop Stopping ProtocolHandler ["http-nio-8080"]
12-Feb-2026 14:16:40.303 INFO [Thread-1] org.apache.coyote.AbstractProtocol.destroy Destroying ProtocolHandler ["http-nio-8080"]
12-Feb-2026 14:16:41.415 INFO [main] org.apache.catalina.startup.VersionLoggerListener.log Server version name:   Apache Tomcat/10.1.52
12-Feb-2026 14:16:41.418 INFO [main] org.apache.catalina.startup.VersionLoggerListener.log Server built:          Jan 23 2026 19:29:07 UTC
12-Feb-2026 14:16:41.418 INFO [main] org.apache.catalina.startup.VersionLoggerListener.log Server version number: 10.1.52.0
12-Feb-2026 14:16:41.418 INFO [main] org.apache.catalina.startup.VersionLoggerListener.log OS Name:               Mac OS X
12-Feb-2026 14:16:41.419 INFO [main] org.apache.catalina.startup.VersionLoggerListener.log OS Version:            26.2
12-Feb-2026 14:16:41.419 INFO [main] org.apache.catalina.startup.VersionLoggerListener.log Architecture:          aarch64
12-Feb-2026 14:16:41.419 INFO [main] org.apache.catalina.startup.VersionLoggerListener.log Java Home:             /opt/homebrew/Cellar/openjdk/25.0.1/libexec/openjdk.jdk/Contents/Home
12-Feb-2026 14:16:41.419 INFO [main] org.apache.catalina.startup.VersionLoggerListener.log JVM Version:           25.0.1
12-Feb-2026 14:16:41.419 INFO [main] org.apache.catalina.startup.VersionLoggerListener.log JVM Vendor:            Homebrew
12-Feb-2026 14:16:41.419 INFO [main] org.apache.catalina.startup.VersionLoggerListener.log CATALINA_BASE:         /Users/adityadaharwal/Developer/TEST_PROJECT/src/week6/day3/JSP_EXAMPLE/src/main/webpages
12-Feb-2026 14:16:41.419 INFO [main] org.apache.catalina.startup.VersionLoggerListener.log CATALINA_HOME:         /Users/adityadaharwal/Developer/TEST_PROJECT/src/week6/apache-tomcat-10.1.52
12-Feb-2026 14:16:41.431 INFO [main] org.apache.catalina.startup.VersionLoggerListener.log Command line argument: --add-opens=java.base/java.lang=ALL-UNNAMED
12-Feb-2026 14:16:41.431 INFO [main] org.apache.catalina.startup.VersionLoggerListener.log Command line argument: --add-opens=java.base/java.io=ALL-UNNAMED
12-Feb-2026 14:16:41.431 INFO [main] org.apache.catalina.startup.VersionLoggerListener.log Command line argument: --add-opens=java.base/java.util=ALL-UNNAMED
12-Feb-2026 14:16:41.432 INFO [main] org.apache.catalina.startup.VersionLoggerListener.log Command line argument: --add-opens=java.base/java.util.concurrent=ALL-UNNAMED
12-Feb-2026 14:16:41.432 INFO [main] org.apache.catalina.startup.VersionLoggerListener.log Command line argument: --add-opens=java.rmi/sun.rmi.transport=ALL-UNNAMED
12-Feb-2026 14:16:41.432 INFO [main] org.apache.catalina.startup.VersionLoggerListener.log Command line argument: -Dcatalina.home=/Users/adityadaharwal/Developer/TEST_PROJECT/src/week6/apache-tomcat-10.1.52
12-Feb-2026 14:16:41.432 INFO [main] org.apache.catalina.startup.VersionLoggerListener.log Command line argument: -Dcatalina.base=/Users/adityadaharwal/Developer/TEST_PROJECT/src/week6/day3/JSP_EXAMPLE/src/main/webpages
12-Feb-2026 14:16:41.432 INFO [main] org.apache.catalina.startup.VersionLoggerListener.log Command line argument: -Djava.io.tmpdir=/Users/adityadaharwal/Developer/TEST_PROJECT/src/week6/day3/JSP_EXAMPLE/src/main/webpages/temp
12-Feb-2026 14:16:41.432 INFO [main] org.apache.catalina.startup.VersionLoggerListener.log Command line argument: -Djava.util.logging.config.file=/Users/adityadaharwal/Developer/TEST_PROJECT/src/week6/day3/JSP_EXAMPLE/src/main/webpages/conf/logging.properties
12-Feb-2026 14:16:41.432 INFO [main] org.apache.catalina.startup.VersionLoggerListener.log Command line argument: -Djava.util.logging.manager=org.apache.juli.ClassLoaderLogManager
12-Feb-2026 14:16:41.432 INFO [main] org.apache.catalina.startup.VersionLoggerListener.log Command line argument: -javaagent:/Applications/IntelliJ IDEA.app/Contents/lib/idea_rt.jar=64085
12-Feb-2026 14:16:41.432 INFO [main] org.apache.catalina.startup.VersionLoggerListener.log Command line argument: -Dfile.encoding=UTF-8
12-Feb-2026 14:16:41.432 INFO [main] org.apache.catalina.startup.VersionLoggerListener.log Command line argument: -Dsun.stdout.encoding=UTF-8
12-Feb-2026 14:16:41.432 INFO [main] org.apache.catalina.startup.VersionLoggerListener.log Command line argument: -Dsun.stderr.encoding=UTF-8
12-Feb-2026 14:16:41.443 INFO [main] org.apache.catalina.core.AprLifecycleListener.lifecycleEvent The Apache Tomcat Native library which allows using OpenSSL was not found on the java.library.path: [/Users/adityadaharwal/Library/Java/Extensions:/Library/Java/Extensions:/Network/Library/Java/Extensions:/System/Library/Java/Extensions:/usr/lib/java:.]
12-Feb-2026 14:16:41.735 INFO [main] org.apache.coyote.AbstractProtocol.init Initializing ProtocolHandler ["http-nio-8080"]
12-Feb-2026 14:16:41.756 INFO [main] org.apache.catalina.startup.Catalina.load Server initialization in [504] milliseconds
12-Feb-2026 14:16:41.803 INFO [main] org.apache.catalina.core.StandardService.startInternal Starting service [Catalina]
12-Feb-2026 14:16:41.803 INFO [main] org.apache.catalina.core.StandardEngine.startInternal Starting Servlet engine: [Apache Tomcat/10.1.52]
12-Feb-2026 14:16:41.816 INFO [main] org.apache.catalina.startup.HostConfig.deployDescriptor Deploying deployment descriptor [/Users/adityadaharwal/Developer/TEST_PROJECT/src/week6/day3/JSP_EXAMPLE/src/main/webpages/conf/Catalina/localhost/app.xml]
12-Feb-2026 14:16:42.204 INFO [main] org.apache.catalina.startup.HostConfig.deployDescriptor Deployment of deployment descriptor [/Users/adityadaharwal/Developer/TEST_PROJECT/src/week6/day3/JSP_EXAMPLE/src/main/webpages/conf/Catalina/localhost/app.xml] has finished in [384] ms
12-Feb-2026 14:16:42.208 INFO [main] org.apache.coyote.AbstractProtocol.start Starting ProtocolHandler ["http-nio-8080"]
12-Feb-2026 14:16:42.233 INFO [main] org.apache.catalina.startup.Catalina.start Server startup in [474] milliseconds
12-Feb-2026 14:16:58.064 INFO [Thread-1] org.apache.coyote.AbstractProtocol.pause Pausing ProtocolHandler ["http-nio-8080"]
12-Feb-2026 14:16:58.069 INFO [Thread-1] org.apache.catalina.core.StandardService.stopInternal Stopping service [Catalina]
12-Feb-2026 14:16:58.078 INFO [Thread-1] org.apache.coyote.AbstractProtocol.stop Stopping ProtocolHandler ["http-nio-8080"]
12-Feb-2026 14:16:58.083 INFO [Thread-1] org.apache.coyote.AbstractProtocol.destroy Destroying ProtocolHandler ["http-nio-8080"]
12-Feb-2026 14:16:59.183 INFO [main] org.apache.catalina.startup.VersionLoggerListener.log Server version name:   Apache Tomcat/10.1.52
12-Feb-2026 14:16:59.185 INFO [main] org.apache.catalina.startup.VersionLoggerListener.log Server built:          Jan 23 2026 19:29:07 UTC
12-Feb-2026 14:16:59.186 INFO [main] org.apache.catalina.startup.VersionLoggerListener.log Server version number: 10.1.52.0
12-Feb-2026 14:16:59.186 INFO [main] org.apache.catalina.startup.VersionLoggerListener.log OS Name:               Mac OS X
12-Feb-2026 14:16:59.186 INFO [main] org.apache.catalina.startup.VersionLoggerListener.log OS Version:            26.2
12-Feb-2026 14:16:59.186 INFO [main] org.apache.catalina.startup.VersionLoggerListener.log Architecture:          aarch64
12-Feb-2026 14:16:59.186 INFO [main] org.apache.catalina.startup.VersionLoggerListener.log Java Home:             /opt/homebrew/Cellar/openjdk/25.0.1/libexec/openjdk.jdk/Contents/Home
12-Feb-2026 14:16:59.186 INFO [main] org.apache.catalina.startup.VersionLoggerListener.log JVM Version:           25.0.1
12-Feb-2026 14:16:59.186 INFO [main] org.apache.catalina.startup.VersionLoggerListener.log JVM Vendor:            Homebrew
12-Feb-2026 14:16:59.187 INFO [main] org.apache.catalina.startup.VersionLoggerListener.log CATALINA_BASE:         /Users/adityadaharwal/Developer/TEST_PROJECT/src/week6/day3/JSP_EXAMPLE/src/main/webpages
12-Feb-2026 14:16:59.187 INFO [main] org.apache.catalina.startup.VersionLoggerListener.log CATALINA_HOME:         /Users/adityadaharwal/Developer/TEST_PROJECT/src/week6/apache-tomcat-10.1.52
12-Feb-2026 14:16:59.198 INFO [main] org.apache.catalina.startup.VersionLoggerListener.log Command line argument: --add-opens=java.base/java.lang=ALL-UNNAMED
12-Feb-2026 14:16:59.198 INFO [main] org.apache.catalina.startup.VersionLoggerListener.log Command line argument: --add-opens=java.base/java.io=ALL-UNNAMED
12-Feb-2026 14:16:59.198 INFO [main] org.apache.catalina.startup.VersionLoggerListener.log Command line argument: --add-opens=java.base/java.util=ALL-UNNAMED
12-Feb-2026 14:16:59.198 INFO [main] org.apache.catalina.startup.VersionLoggerListener.log Command line argument: --add-opens=java.base/java.util.concurrent=ALL-UNNAMED
12-Feb-2026 14:16:59.198 INFO [main] org.apache.catalina.startup.VersionLoggerListener.log Command line argument: --add-opens=java.rmi/sun.rmi.transport=ALL-UNNAMED
12-Feb-2026 14:16:59.198 INFO [main] org.apache.catalina.startup.VersionLoggerListener.log Command line argument: -Dcatalina.home=/Users/adityadaharwal/Developer/TEST_PROJECT/src/week6/apache-tomcat-10.1.52
12-Feb-2026 14:16:59.198 INFO [main] org.apache.catalina.startup.VersionLoggerListener.log Command line argument: -Dcatalina.base=/Users/adityadaharwal/Developer/TEST_PROJECT/src/week6/day3/JSP_EXAMPLE/src/main/webpages
12-Feb-2026 14:16:59.198 INFO [main] org.apache.catalina.startup.VersionLoggerListener.log Command line argument: -Djava.io.tmpdir=/Users/adityadaharwal/Developer/TEST_PROJECT/src/week6/day3/JSP_EXAMPLE/src/main/webpages/temp
12-Feb-2026 14:16:59.198 INFO [main] org.apache.catalina.startup.VersionLoggerListener.log Command line argument: -Djava.util.logging.config.file=/Users/adityadaharwal/Developer/TEST_PROJECT/src/week6/day3/JSP_EXAMPLE/src/main/webpages/conf/logging.properties
12-Feb-2026 14:16:59.199 INFO [main] org.apache.catalina.startup.VersionLoggerListener.log Command line argument: -Djava.util.logging.manager=org.apache.juli.ClassLoaderLogManager
12-Feb-2026 14:16:59.199 INFO [main] org.apache.catalina.startup.VersionLoggerListener.log Command line argument: -javaagent:/Applications/IntelliJ IDEA.app/Contents/lib/idea_rt.jar=64090
12-Feb-2026 14:16:59.199 INFO [main] org.apache.catalina.startup.VersionLoggerListener.log Command line argument: -Dfile.encoding=UTF-8
12-Feb-2026 14:16:59.199 INFO [main] org.apache.catalina.startup.VersionLoggerListener.log Command line argument: -Dsun.stdout.encoding=UTF-8
12-Feb-2026 14:16:59.199 INFO [main] org.apache.catalina.startup.VersionLoggerListener.log Command line argument: -Dsun.stderr.encoding=UTF-8
12-Feb-2026 14:16:59.210 INFO [main] org.apache.catalina.core.AprLifecycleListener.lifecycleEvent The Apache Tomcat Native library which allows using OpenSSL was not found on the java.library.path: [/Users/adityadaharwal/Library/Java/Extensions:/Library/Java/Extensions:/Network/Library/Java/Extensions:/System/Library/Java/Extensions:/usr/lib/java:.]
12-Feb-2026 14:16:59.508 INFO [main] org.apache.coyote.AbstractProtocol.init Initializing ProtocolHandler ["http-nio-8080"]
12-Feb-2026 14:16:59.537 INFO [main] org.apache.catalina.startup.Catalina.load Server initialization in [480] milliseconds
12-Feb-2026 14:16:59.607 INFO [main] org.apache.catalina.core.StandardService.startInternal Starting service [Catalina]
12-Feb-2026 14:16:59.607 INFO [main] org.apache.catalina.core.StandardEngine.startInternal Starting Servlet engine: [Apache Tomcat/10.1.52]
12-Feb-2026 14:16:59.625 INFO [main] org.apache.catalina.startup.HostConfig.deployDescriptor Deploying deployment descriptor [/Users/adityadaharwal/Developer/TEST_PROJECT/src/week6/day3/JSP_EXAMPLE/src/main/webpages/conf/Catalina/localhost/app.xml]
12-Feb-2026 14:17:00.002 INFO [main] org.apache.catalina.startup.HostConfig.deployDescriptor Deployment of deployment descriptor [/Users/adityadaharwal/Developer/TEST_PROJECT/src/week6/day3/JSP_EXAMPLE/src/main/webpages/conf/Catalina/localhost/app.xml] has finished in [373] ms
12-Feb-2026 14:17:00.006 INFO [main] org.apache.coyote.AbstractProtocol.start Starting ProtocolHandler ["http-nio-8080"]
12-Feb-2026 14:17:00.041 INFO [main] org.apache.catalina.startup.Catalina.start Server startup in [501] milliseconds
12-Feb-2026 14:20:10.186 INFO [Thread-1] org.apache.coyote.AbstractProtocol.pause Pausing ProtocolHandler ["http-nio-8080"]
12-Feb-2026 14:20:10.195 INFO [Thread-1] org.apache.catalina.core.StandardService.stopInternal Stopping service [Catalina]
12-Feb-2026 14:20:10.211 INFO [Thread-1] org.apache.coyote.AbstractProtocol.stop Stopping ProtocolHandler ["http-nio-8080"]
12-Feb-2026 14:20:10.225 INFO [Thread-1] org.apache.coyote.AbstractProtocol.destroy Destroying ProtocolHandler ["http-nio-8080"]
12-Feb-2026 14:20:11.412 INFO [main] org.apache.catalina.startup.VersionLoggerListener.log Server version name:   Apache Tomcat/10.1.52
12-Feb-2026 14:20:11.416 INFO [main] org.apache.catalina.startup.VersionLoggerListener.log Server built:          Jan 23 2026 19:29:07 UTC
12-Feb-2026 14:20:11.416 INFO [main] org.apache.catalina.startup.VersionLoggerListener.log Server version number: 10.1.52.0
12-Feb-2026 14:20:11.416 INFO [main] org.apache.catalina.startup.VersionLoggerListener.log OS Name:               Mac OS X
12-Feb-2026 14:20:11.416 INFO [main] org.apache.catalina.startup.VersionLoggerListener.log OS Version:            26.2
12-Feb-2026 14:20:11.416 INFO [main] org.apache.catalina.startup.VersionLoggerListener.log Architecture:          aarch64
12-Feb-2026 14:20:11.417 INFO [main] org.apache.catalina.startup.VersionLoggerListener.log Java Home:             /opt/homebrew/Cellar/openjdk/25.0.1/libexec/openjdk.jdk/Contents/Home
12-Feb-2026 14:20:11.417 INFO [main] org.apache.catalina.startup.VersionLoggerListener.log JVM Version:           25.0.1
12-Feb-2026 14:20:11.417 INFO [main] org.apache.catalina.startup.VersionLoggerListener.log JVM Vendor:            Homebrew
12-Feb-2026 14:20:11.417 INFO [main] org.apache.catalina.startup.VersionLoggerListener.log CATALINA_BASE:         /Users/adityadaharwal/Developer/TEST_PROJECT/src/week6/day3/JSP_EXAMPLE/src/main/webpages
12-Feb-2026 14:20:11.417 INFO [main] org.apache.catalina.startup.VersionLoggerListener.log CATALINA_HOME:         /Users/adityadaharwal/Developer/TEST_PROJECT/src/week6/apache-tomcat-10.1.52
12-Feb-2026 14:20:11.429 INFO [main] org.apache.catalina.startup.VersionLoggerListener.log Command line argument: --add-opens=java.base/java.lang=ALL-UNNAMED
12-Feb-2026 14:20:11.429 INFO [main] org.apache.catalina.startup.VersionLoggerListener.log Command line argument: --add-opens=java.base/java.io=ALL-UNNAMED
12-Feb-2026 14:20:11.429 INFO [main] org.apache.catalina.startup.VersionLoggerListener.log Command line argument: --add-opens=java.base/java.util=ALL-UNNAMED
12-Feb-2026 14:20:11.430 INFO [main] org.apache.catalina.startup.VersionLoggerListener.log Command line argument: --add-opens=java.base/java.util.concurrent=ALL-UNNAMED
12-Feb-2026 14:20:11.430 INFO [main] org.apache.catalina.startup.VersionLoggerListener.log Command line argument: --add-opens=java.rmi/sun.rmi.transport=ALL-UNNAMED
12-Feb-2026 14:20:11.430 INFO [main] org.apache.catalina.startup.VersionLoggerListener.log Command line argument: -Dcatalina.home=/Users/adityadaharwal/Developer/TEST_PROJECT/src/week6/apache-tomcat-10.1.52
12-Feb-2026 14:20:11.430 INFO [main] org.apache.catalina.startup.VersionLoggerListener.log Command line argument: -Dcatalina.base=/Users/adityadaharwal/Developer/TEST_PROJECT/src/week6/day3/JSP_EXAMPLE/src/main/webpages
12-Feb-2026 14:20:11.430 INFO [main] org.apache.catalina.startup.VersionLoggerListener.log Command line argument: -Djava.io.tmpdir=/Users/adityadaharwal/Developer/TEST_PROJECT/src/week6/day3/JSP_EXAMPLE/src/main/webpages/temp
12-Feb-2026 14:20:11.430 INFO [main] org.apache.catalina.startup.VersionLoggerListener.log Command line argument: -Djava.util.logging.config.file=/Users/adityadaharwal/Developer/TEST_PROJECT/src/week6/day3/JSP_EXAMPLE/src/main/webpages/conf/logging.properties
12-Feb-2026 14:20:11.430 INFO [main] org.apache.catalina.startup.VersionLoggerListener.log Command line argument: -Djava.util.logging.manager=org.apache.juli.ClassLoaderLogManager
12-Feb-2026 14:20:11.431 INFO [main] org.apache.catalina.startup.VersionLoggerListener.log Command line argument: -javaagent:/Applications/IntelliJ IDEA.app/Contents/lib/idea_rt.jar=64098
12-Feb-2026 14:20:11.431 INFO [main] org.apache.catalina.startup.VersionLoggerListener.log Command line argument: -Dfile.encoding=UTF-8
12-Feb-2026 14:20:11.431 INFO [main] org.apache.catalina.startup.VersionLoggerListener.log Command line argument: -Dsun.stdout.encoding=UTF-8
12-Feb-2026 14:20:11.431 INFO [main] org.apache.catalina.startup.VersionLoggerListener.log Command line argument: -Dsun.stderr.encoding=UTF-8
12-Feb-2026 14:20:11.444 INFO [main] org.apache.catalina.core.AprLifecycleListener.lifecycleEvent The Apache Tomcat Native library which allows using OpenSSL was not found on the java.library.path: [/Users/adityadaharwal/Library/Java/Extensions:/Library/Java/Extensions:/Network/Library/Java/Extensions:/System/Library/Java/Extensions:/usr/lib/java:.]
12-Feb-2026 14:20:11.802 INFO [main] org.apache.coyote.AbstractProtocol.init Initializing ProtocolHandler ["http-nio-8080"]
12-Feb-2026 14:20:11.824 INFO [main] org.apache.catalina.startup.Catalina.load Server initialization in [594] milliseconds
12-Feb-2026 14:20:11.866 INFO [main] org.apache.catalina.core.StandardService.startInternal Starting service [Catalina]
12-Feb-2026 14:20:11.866 INFO [main] org.apache.catalina.core.StandardEngine.startInternal Starting Servlet engine: [Apache Tomcat/10.1.52]
12-Feb-2026 14:20:11.875 INFO [main] org.apache.catalina.startup.HostConfig.deployDescriptor Deploying deployment descriptor [/Users/adityadaharwal/Developer/TEST_PROJECT/src/week6/day3/JSP_EXAMPLE/src/main/webpages/conf/Catalina/localhost/app.xml]
12-Feb-2026 14:20:12.243 INFO [main] org.apache.catalina.startup.HostConfig.deployDescriptor Deployment of deployment descriptor [/Users/adityadaharwal/Developer/TEST_PROJECT/src/week6/day3/JSP_EXAMPLE/src/main/webpages/conf/Catalina/localhost/app.xml] has finished in [365] ms
12-Feb-2026 14:20:12.248 INFO [main] org.apache.coyote.AbstractProtocol.start Starting ProtocolHandler ["http-nio-8080"]
12-Feb-2026 14:20:12.287 INFO [main] org.apache.catalina.startup.Catalina.start Server startup in [461] milliseconds
12-Feb-2026 14:23:17.519 INFO [Thread-1] org.apache.coyote.AbstractProtocol.pause Pausing ProtocolHandler ["http-nio-8080"]
12-Feb-2026 14:23:17.530 INFO [Thread-1] org.apache.catalina.core.StandardService.stopInternal Stopping service [Catalina]
12-Feb-2026 14:23:17.548 INFO [Thread-1] org.apache.coyote.AbstractProtocol.stop Stopping ProtocolHandler ["http-nio-8080"]
12-Feb-2026 14:23:17.558 INFO [Thread-1] org.apache.coyote.AbstractProtocol.destroy Destroying ProtocolHandler ["http-nio-8080"]
12-Feb-2026 14:23:18.661 INFO [main] org.apache.catalina.startup.VersionLoggerListener.log Server version name:   Apache Tomcat/10.1.52
12-Feb-2026 14:23:18.663 INFO [main] org.apache.catalina.startup.VersionLoggerListener.log Server built:          Jan 23 2026 19:29:07 UTC
12-Feb-2026 14:23:18.663 INFO [main] org.apache.catalina.startup.VersionLoggerListener.log Server version number: 10.1.52.0
12-Feb-2026 14:23:18.664 INFO [main] org.apache.catalina.startup.VersionLoggerListener.log OS Name:               Mac OS X
12-Feb-2026 14:23:18.664 INFO [main] org.apache.catalina.startup.VersionLoggerListener.log OS Version:            26.2
12-Feb-2026 14:23:18.664 INFO [main] org.apache.catalina.startup.VersionLoggerListener.log Architecture:          aarch64
12-Feb-2026 14:23:18.664 INFO [main] org.apache.catalina.startup.VersionLoggerListener.log Java Home:             /opt/homebrew/Cellar/openjdk/25.0.1/libexec/openjdk.jdk/Contents/Home
12-Feb-2026 14:23:18.664 INFO [main] org.apache.catalina.startup.VersionLoggerListener.log JVM Version:           25.0.1
12-Feb-2026 14:23:18.664 INFO [main] org.apache.catalina.startup.VersionLoggerListener.log JVM Vendor:            Homebrew
12-Feb-2026 14:23:18.664 INFO [main] org.apache.catalina.startup.VersionLoggerListener.log CATALINA_BASE:         /Users/adityadaharwal/Developer/TEST_PROJECT/src/week6/day3/JSP_EXAMPLE/src/main/webpages
12-Feb-2026 14:23:18.664 INFO [main] org.apache.catalina.startup.VersionLoggerListener.log CATALINA_HOME:         /Users/adityadaharwal/Developer/TEST_PROJECT/src/week6/apache-tomcat-10.1.52
12-Feb-2026 14:23:18.676 INFO [main] org.apache.catalina.startup.VersionLoggerListener.log Command line argument: --add-opens=java.base/java.lang=ALL-UNNAMED
12-Feb-2026 14:23:18.677 INFO [main] org.apache.catalina.startup.VersionLoggerListener.log Command line argument: --add-opens=java.base/java.io=ALL-UNNAMED
12-Feb-2026 14:23:18.677 INFO [main] org.apache.catalina.startup.VersionLoggerListener.log Command line argument: --add-opens=java.base/java.util=ALL-UNNAMED
12-Feb-2026 14:23:18.677 INFO [main] org.apache.catalina.startup.VersionLoggerListener.log Command line argument: --add-opens=java.base/java.util.concurrent=ALL-UNNAMED
12-Feb-2026 14:23:18.677 INFO [main] org.apache.catalina.startup.VersionLoggerListener.log Command line argument: --add-opens=java.rmi/sun.rmi.transport=ALL-UNNAMED
12-Feb-2026 14:23:18.677 INFO [main] org.apache.catalina.startup.VersionLoggerListener.log Command line argument: -Dcatalina.home=/Users/adityadaharwal/Developer/TEST_PROJECT/src/week6/apache-tomcat-10.1.52
12-Feb-2026 14:23:18.677 INFO [main] org.apache.catalina.startup.VersionLoggerListener.log Command line argument: -Dcatalina.base=/Users/adityadaharwal/Developer/TEST_PROJECT/src/week6/day3/JSP_EXAMPLE/src/main/webpages
12-Feb-2026 14:23:18.677 INFO [main] org.apache.catalina.startup.VersionLoggerListener.log Command line argument: -Djava.io.tmpdir=/Users/adityadaharwal/Developer/TEST_PROJECT/src/week6/day3/JSP_EXAMPLE/src/main/webpages/temp
12-Feb-2026 14:23:18.677 INFO [main] org.apache.catalina.startup.VersionLoggerListener.log Command line argument: -Djava.util.logging.config.file=/Users/adityadaharwal/Developer/TEST_PROJECT/src/week6/day3/JSP_EXAMPLE/src/main/webpages/conf/logging.properties
12-Feb-2026 14:23:18.677 INFO [main] org.apache.catalina.startup.VersionLoggerListener.log Command line argument: -Djava.util.logging.manager=org.apache.juli.ClassLoaderLogManager
12-Feb-2026 14:23:18.677 INFO [main] org.apache.catalina.startup.VersionLoggerListener.log Command line argument: -javaagent:/Applications/IntelliJ IDEA.app/Contents/lib/idea_rt.jar=64107
12-Feb-2026 14:23:18.677 INFO [main] org.apache.catalina.startup.VersionLoggerListener.log Command line argument: -Dfile.encoding=UTF-8
12-Feb-2026 14:23:18.678 INFO [main] org.apache.catalina.startup.VersionLoggerListener.log Command line argument: -Dsun.stdout.encoding=UTF-8
12-Feb-2026 14:23:18.678 INFO [main] org.apache.catalina.startup.VersionLoggerListener.log Command line argument: -Dsun.stderr.encoding=UTF-8
12-Feb-2026 14:23:18.688 INFO [main] org.apache.catalina.core.AprLifecycleListener.lifecycleEvent The Apache Tomcat Native library which allows using OpenSSL was not found on the java.library.path: [/Users/adityadaharwal/Library/Java/Extensions:/Library/Java/Extensions:/Network/Library/Java/Extensions:/System/Library/Java/Extensions:/usr/lib/java:.]
12-Feb-2026 14:23:18.982 INFO [main] org.apache.coyote.AbstractProtocol.init Initializing ProtocolHandler ["http-nio-8080"]
12-Feb-2026 14:23:19.003 INFO [main] org.apache.catalina.startup.Catalina.load Server initialization in [485] milliseconds
12-Feb-2026 14:23:19.049 INFO [main] org.apache.catalina.core.StandardService.startInternal Starting service [Catalina]
12-Feb-2026 14:23:19.050 INFO [main] org.apache.catalina.core.StandardEngine.startInternal Starting Servlet engine: [Apache Tomcat/10.1.52]
12-Feb-2026 14:23:19.062 INFO [main] org.apache.catalina.startup.HostConfig.deployDescriptor Deploying deployment descriptor [/Users/adityadaharwal/Developer/TEST_PROJECT/src/week6/day3/JSP_EXAMPLE/src/main/webpages/conf/Catalina/localhost/app.xml]
12-Feb-2026 14:23:19.345 INFO [main] org.apache.catalina.startup.HostConfig.deployDescriptor Deployment of deployment descriptor [/Users/adityadaharwal/Developer/TEST_PROJECT/src/week6/day3/JSP_EXAMPLE/src/main/webpages/conf/Catalina/localhost/app.xml] has finished in [281] ms
12-Feb-2026 14:23:19.348 INFO [main] org.apache.coyote.AbstractProtocol.start Starting ProtocolHandler ["http-nio-8080"]
12-Feb-2026 14:23:19.366 INFO [main] org.apache.catalina.startup.Catalina.start Server startup in [360] milliseconds
12-Feb-2026 14:24:09.616 INFO [Thread-1] org.apache.coyote.AbstractProtocol.pause Pausing ProtocolHandler ["http-nio-8080"]
12-Feb-2026 14:24:09.625 INFO [Thread-1] org.apache.catalina.core.StandardService.stopInternal Stopping service [Catalina]
12-Feb-2026 14:24:09.641 INFO [Thread-1] org.apache.coyote.AbstractProtocol.stop Stopping ProtocolHandler ["http-nio-8080"]
12-Feb-2026 14:24:09.653 INFO [Thread-1] org.apache.coyote.AbstractProtocol.destroy Destroying ProtocolHandler ["http-nio-8080"]
12-Feb-2026 14:24:10.785 INFO [main] org.apache.catalina.startup.VersionLoggerListener.log Server version name:   Apache Tomcat/10.1.52
12-Feb-2026 14:24:10.787 INFO [main] org.apache.catalina.startup.VersionLoggerListener.log Server built:          Jan 23 2026 19:29:07 UTC
12-Feb-2026 14:24:10.787 INFO [main] org.apache.catalina.startup.VersionLoggerListener.log Server version number: 10.1.52.0
12-Feb-2026 14:24:10.787 INFO [main] org.apache.catalina.startup.VersionLoggerListener.log OS Name:               Mac OS X
12-Feb-2026 14:24:10.787 INFO [main] org.apache.catalina.startup.VersionLoggerListener.log OS Version:            26.2
12-Feb-2026 14:24:10.788 INFO [main] org.apache.catalina.startup.VersionLoggerListener.log Architecture:          aarch64
12-Feb-2026 14:24:10.788 INFO [main] org.apache.catalina.startup.VersionLoggerListener.log Java Home:             /opt/homebrew/Cellar/openjdk/25.0.1/libexec/openjdk.jdk/Contents/Home
12-Feb-2026 14:24:10.788 INFO [main] org.apache.catalina.startup.VersionLoggerListener.log JVM Version:           25.0.1
12-Feb-2026 14:24:10.788 INFO [main] org.apache.catalina.startup.VersionLoggerListener.log JVM Vendor:            Homebrew
12-Feb-2026 14:24:10.788 INFO [main] org.apache.catalina.startup.VersionLoggerListener.log CATALINA_BASE:         /Users/adityadaharwal/Developer/TEST_PROJECT/src/week6/day3/JSP_EXAMPLE/src/main/webpages
12-Feb-2026 14:24:10.788 INFO [main] org.apache.catalina.startup.VersionLoggerListener.log CATALINA_HOME:         /Users/adityadaharwal/Developer/TEST_PROJECT/src/week6/apache-tomcat-10.1.52
12-Feb-2026 14:24:10.808 INFO [main] org.apache.catalina.startup.VersionLoggerListener.log Command line argument: --add-opens=java.base/java.lang=ALL-UNNAMED
12-Feb-2026 14:24:10.809 INFO [main] org.apache.catalina.startup.VersionLoggerListener.log Command line argument: --add-opens=java.base/java.io=ALL-UNNAMED
12-Feb-2026 14:24:10.809 INFO [main] org.apache.catalina.startup.VersionLoggerListener.log Command line argument: --add-opens=java.base/java.util=ALL-UNNAMED
12-Feb-2026 14:24:10.809 INFO [main] org.apache.catalina.startup.VersionLoggerListener.log Command line argument: --add-opens=java.base/java.util.concurrent=ALL-UNNAMED
12-Feb-2026 14:24:10.809 INFO [main] org.apache.catalina.startup.VersionLoggerListener.log Command line argument: --add-opens=java.rmi/sun.rmi.transport=ALL-UNNAMED
12-Feb-2026 14:24:10.809 INFO [main] org.apache.catalina.startup.VersionLoggerListener.log Command line argument: -Dcatalina.home=/Users/adityadaharwal/Developer/TEST_PROJECT/src/week6/apache-tomcat-10.1.52
12-Feb-2026 14:24:10.809 INFO [main] org.apache.catalina.startup.VersionLoggerListener.log Command line argument: -Dcatalina.base=/Users/adityadaharwal/Developer/TEST_PROJECT/src/week6/day3/JSP_EXAMPLE/src/main/webpages
12-Feb-2026 14:24:10.810 INFO [main] org.apache.catalina.startup.VersionLoggerListener.log Command line argument: -Djava.io.tmpdir=/Users/adityadaharwal/Developer/TEST_PROJECT/src/week6/day3/JSP_EXAMPLE/src/main/webpages/temp
12-Feb-2026 14:24:10.810 INFO [main] org.apache.catalina.startup.VersionLoggerListener.log Command line argument: -Djava.util.logging.config.file=/Users/adityadaharwal/Developer/TEST_PROJECT/src/week6/day3/JSP_EXAMPLE/src/main/webpages/conf/logging.properties
12-Feb-2026 14:24:10.810 INFO [main] org.apache.catalina.startup.VersionLoggerListener.log Command line argument: -Djava.util.logging.manager=org.apache.juli.ClassLoaderLogManager
12-Feb-2026 14:24:10.810 INFO [main] org.apache.catalina.startup.VersionLoggerListener.log Command line argument: -javaagent:/Applications/IntelliJ IDEA.app/Contents/lib/idea_rt.jar=64112
12-Feb-2026 14:24:10.810 INFO [main] org.apache.catalina.startup.VersionLoggerListener.log Command line argument: -Dfile.encoding=UTF-8
12-Feb-2026 14:24:10.810 INFO [main] org.apache.catalina.startup.VersionLoggerListener.log Command line argument: -Dsun.stdout.encoding=UTF-8
12-Feb-2026 14:24:10.810 INFO [main] org.apache.catalina.startup.VersionLoggerListener.log Command line argument: -Dsun.stderr.encoding=UTF-8
12-Feb-2026 14:24:10.823 INFO [main] org.apache.catalina.core.AprLifecycleListener.lifecycleEvent The Apache Tomcat Native library which allows using OpenSSL was not found on the java.library.path: [/Users/adityadaharwal/Library/Java/Extensions:/Library/Java/Extensions:/Network/Library/Java/Extensions:/System/Library/Java/Extensions:/usr/lib/java:.]
12-Feb-2026 14:24:11.099 INFO [main] org.apache.coyote.AbstractProtocol.init Initializing ProtocolHandler ["http-nio-8080"]
12-Feb-2026 14:24:11.117 INFO [main] org.apache.catalina.startup.Catalina.load Server initialization in [463] milliseconds
12-Feb-2026 14:24:11.152 INFO [main] org.apache.catalina.core.StandardService.startInternal Starting service [Catalina]
12-Feb-2026 14:24:11.152 INFO [main] org.apache.catalina.core.StandardEngine.startInternal Starting Servlet engine: [Apache Tomcat/10.1.52]
12-Feb-2026 14:24:11.162 INFO [main] org.apache.catalina.startup.HostConfig.deployDescriptor Deploying deployment descriptor [/Users/adityadaharwal/Developer/TEST_PROJECT/src/week6/day3/JSP_EXAMPLE/src/main/webpages/conf/Catalina/localhost/app.xml]
12-Feb-2026 14:24:11.450 INFO [main] org.apache.catalina.startup.HostConfig.deployDescriptor Deployment of deployment descriptor [/Users/adityadaharwal/Developer/TEST_PROJECT/src/week6/day3/JSP_EXAMPLE/src/main/webpages/conf/Catalina/localhost/app.xml] has finished in [285] ms
12-Feb-2026 14:24:11.452 INFO [main] org.apache.coyote.AbstractProtocol.start Starting ProtocolHandler ["http-nio-8080"]
12-Feb-2026 14:24:11.470 INFO [main] org.apache.catalina.startup.Catalina.start Server startup in [351] milliseconds
12-Feb-2026 14:27:34.952 INFO [Thread-1] org.apache.coyote.AbstractProtocol.pause Pausing ProtocolHandler ["http-nio-8080"]
12-Feb-2026 14:27:34.961 INFO [Thread-1] org.apache.catalina.core.StandardService.stopInternal Stopping service [Catalina]
12-Feb-2026 14:27:34.981 INFO [Thread-1] org.apache.coyote.AbstractProtocol.stop Stopping ProtocolHandler ["http-nio-8080"]
12-Feb-2026 14:27:34.988 INFO [Thread-1] org.apache.coyote.AbstractProtocol.destroy Destroying ProtocolHandler ["http-nio-8080"]
12-Feb-2026 14:27:36.498 INFO [main] org.apache.catalina.startup.VersionLoggerListener.log Server version name:   Apache Tomcat/10.1.52
12-Feb-2026 14:27:36.506 INFO [main] org.apache.catalina.startup.VersionLoggerListener.log Server built:          Jan 23 2026 19:29:07 UTC
12-Feb-2026 14:27:36.508 INFO [main] org.apache.catalina.startup.VersionLoggerListener.log Server version number: 10.1.52.0
12-Feb-2026 14:27:36.511 INFO [main] org.apache.catalina.startup.VersionLoggerListener.log OS Name:               Mac OS X
12-Feb-2026 14:27:36.511 INFO [main] org.apache.catalina.startup.VersionLoggerListener.log OS Version:            26.2
12-Feb-2026 14:27:36.511 INFO [main] org.apache.catalina.startup.VersionLoggerListener.log Architecture:          aarch64
12-Feb-2026 14:27:36.511 INFO [main] org.apache.catalina.startup.VersionLoggerListener.log Java Home:             /opt/homebrew/Cellar/openjdk/25.0.1/libexec/openjdk.jdk/Contents/Home
12-Feb-2026 14:27:36.512 INFO [main] org.apache.catalina.startup.VersionLoggerListener.log JVM Version:           25.0.1
12-Feb-2026 14:27:36.512 INFO [main] org.apache.catalina.startup.VersionLoggerListener.log JVM Vendor:            Homebrew
12-Feb-2026 14:27:36.512 INFO [main] org.apache.catalina.startup.VersionLoggerListener.log CATALINA_BASE:         /Users/adityadaharwal/Developer/TEST_PROJECT/src/week6/day3/JSP_EXAMPLE/src/main/webpages
12-Feb-2026 14:27:36.512 INFO [main] org.apache.catalina.startup.VersionLoggerListener.log CATALINA_HOME:         /Users/adityadaharwal/Developer/TEST_PROJECT/src/week6/apache-tomcat-10.1.52
12-Feb-2026 14:27:36.545 INFO [main] org.apache.catalina.startup.VersionLoggerListener.log Command line argument: --add-opens=java.base/java.lang=ALL-UNNAMED
12-Feb-2026 14:27:36.546 INFO [main] org.apache.catalina.startup.VersionLoggerListener.log Command line argument: --add-opens=java.base/java.io=ALL-UNNAMED
12-Feb-2026 14:27:36.546 INFO [main] org.apache.catalina.startup.VersionLoggerListener.log Command line argument: --add-opens=java.base/java.util=ALL-UNNAMED
12-Feb-2026 14:27:36.547 INFO [main] org.apache.catalina.startup.VersionLoggerListener.log Command line argument: --add-opens=java.base/java.util.concurrent=ALL-UNNAMED
12-Feb-2026 14:27:36.547 INFO [main] org.apache.catalina.startup.VersionLoggerListener.log Command line argument: --add-opens=java.rmi/sun.rmi.transport=ALL-UNNAMED
12-Feb-2026 14:27:36.547 INFO [main] org.apache.catalina.startup.VersionLoggerListener.log Command line argument: -Dcatalina.home=/Users/adityadaharwal/Developer/TEST_PROJECT/src/week6/apache-tomcat-10.1.52
12-Feb-2026 14:27:36.548 INFO [main] org.apache.catalina.startup.VersionLoggerListener.log Command line argument: -Dcatalina.base=/Users/adityadaharwal/Developer/TEST_PROJECT/src/week6/day3/JSP_EXAMPLE/src/main/webpages
12-Feb-2026 14:27:36.548 INFO [main] org.apache.catalina.startup.VersionLoggerListener.log Command line argument: -Djava.io.tmpdir=/Users/adityadaharwal/Developer/TEST_PROJECT/src/week6/day3/JSP_EXAMPLE/src/main/webpages/temp
12-Feb-2026 14:27:36.549 INFO [main] org.apache.catalina.startup.VersionLoggerListener.log Command line argument: -Djava.util.logging.config.file=/Users/adityadaharwal/Developer/TEST_PROJECT/src/week6/day3/JSP_EXAMPLE/src/main/webpages/conf/logging.properties
12-Feb-2026 14:27:36.549 INFO [main] org.apache.catalina.startup.VersionLoggerListener.log Command line argument: -Djava.util.logging.manager=org.apache.juli.ClassLoaderLogManager
12-Feb-2026 14:27:36.550 INFO [main] org.apache.catalina.startup.VersionLoggerListener.log Command line argument: -javaagent:/Applications/IntelliJ IDEA.app/Contents/lib/idea_rt.jar=64124
12-Feb-2026 14:27:36.550 INFO [main] org.apache.catalina.startup.VersionLoggerListener.log Command line argument: -Dfile.encoding=UTF-8
12-Feb-2026 14:27:36.550 INFO [main] org.apache.catalina.startup.VersionLoggerListener.log Command line argument: -Dsun.stdout.encoding=UTF-8
12-Feb-2026 14:27:36.550 INFO [main] org.apache.catalina.startup.VersionLoggerListener.log Command line argument: -Dsun.stderr.encoding=UTF-8
12-Feb-2026 14:27:36.607 INFO [main] org.apache.catalina.core.AprLifecycleListener.lifecycleEvent The Apache Tomcat Native library which allows using OpenSSL was not found on the java.library.path: [/Users/adityadaharwal/Library/Java/Extensions:/Library/Java/Extensions:/Network/Library/Java/Extensions:/System/Library/Java/Extensions:/usr/lib/java:.]
12-Feb-2026 14:27:37.146 INFO [main] org.apache.coyote.AbstractProtocol.init Initializing ProtocolHandler ["http-nio-8080"]
12-Feb-2026 14:27:37.165 INFO [main] org.apache.catalina.startup.Catalina.load Server initialization in [1069] milliseconds
12-Feb-2026 14:27:37.204 INFO [main] org.apache.catalina.core.StandardService.startInternal Starting service [Catalina]
12-Feb-2026 14:27:37.205 INFO [main] org.apache.catalina.core.StandardEngine.startInternal Starting Servlet engine: [Apache Tomcat/10.1.52]
12-Feb-2026 14:27:37.214 INFO [main] org.apache.catalina.startup.HostConfig.deployDescriptor Deploying deployment descriptor [/Users/adityadaharwal/Developer/TEST_PROJECT/src/week6/day3/JSP_EXAMPLE/src/main/webpages/conf/Catalina/localhost/app.xml]
12-Feb-2026 14:27:37.555 INFO [main] org.apache.catalina.startup.HostConfig.deployDescriptor Deployment of deployment descriptor [/Users/adityadaharwal/Developer/TEST_PROJECT/src/week6/day3/JSP_EXAMPLE/src/main/webpages/conf/Catalina/localhost/app.xml] has finished in [337] ms
12-Feb-2026 14:27:37.560 INFO [main] org.apache.coyote.AbstractProtocol.start Starting ProtocolHandler ["http-nio-8080"]
12-Feb-2026 14:27:37.583 INFO [main] org.apache.catalina.startup.Catalina.start Server startup in [415] milliseconds
12-Feb-2026 14:43:21.965 INFO [Thread-1] org.apache.coyote.AbstractProtocol.pause Pausing ProtocolHandler ["http-nio-8080"]
12-Feb-2026 14:43:21.973 INFO [Thread-1] org.apache.catalina.core.StandardService.stopInternal Stopping service [Catalina]
12-Feb-2026 14:43:21.991 INFO [Thread-1] org.apache.coyote.AbstractProtocol.stop Stopping ProtocolHandler ["http-nio-8080"]
12-Feb-2026 14:43:22.001 INFO [Thread-1] org.apache.coyote.AbstractProtocol.destroy Destroying ProtocolHandler ["http-nio-8080"]
12-Feb-2026 14:43:23.293 INFO [main] org.apache.catalina.startup.VersionLoggerListener.log Server version name:   Apache Tomcat/10.1.52
12-Feb-2026 14:43:23.296 INFO [main] org.apache.catalina.startup.VersionLoggerListener.log Server built:          Jan 23 2026 19:29:07 UTC
12-Feb-2026 14:43:23.296 INFO [main] org.apache.catalina.startup.VersionLoggerListener.log Server version number: 10.1.52.0
12-Feb-2026 14:43:23.296 INFO [main] org.apache.catalina.startup.VersionLoggerListener.log OS Name:               Mac OS X
12-Feb-2026 14:43:23.296 INFO [main] org.apache.catalina.startup.VersionLoggerListener.log OS Version:            26.2
12-Feb-2026 14:43:23.296 INFO [main] org.apache.catalina.startup.VersionLoggerListener.log Architecture:          aarch64
12-Feb-2026 14:43:23.296 INFO [main] org.apache.catalina.startup.VersionLoggerListener.log Java Home:             /opt/homebrew/Cellar/openjdk/25.0.1/libexec/openjdk.jdk/Contents/Home
12-Feb-2026 14:43:23.296 INFO [main] org.apache.catalina.startup.VersionLoggerListener.log JVM Version:           25.0.1
12-Feb-2026 14:43:23.297 INFO [main] org.apache.catalina.startup.VersionLoggerListener.log JVM Vendor:            Homebrew
12-Feb-2026 14:43:23.297 INFO [main] org.apache.catalina.startup.VersionLoggerListener.log CATALINA_BASE:         /Users/adityadaharwal/Developer/TEST_PROJECT/src/week6/day3/JSP_EXAMPLE/src/main/webpages
12-Feb-2026 14:43:23.297 INFO [main] org.apache.catalina.startup.VersionLoggerListener.log CATALINA_HOME:         /Users/adityadaharwal/Developer/TEST_PROJECT/src/week6/apache-tomcat-10.1.52
12-Feb-2026 14:43:23.315 INFO [main] org.apache.catalina.startup.VersionLoggerListener.log Command line argument: --add-opens=java.base/java.lang=ALL-UNNAMED
12-Feb-2026 14:43:23.315 INFO [main] org.apache.catalina.startup.VersionLoggerListener.log Command line argument: --add-opens=java.base/java.io=ALL-UNNAMED
12-Feb-2026 14:43:23.315 INFO [main] org.apache.catalina.startup.VersionLoggerListener.log Command line argument: --add-opens=java.base/java.util=ALL-UNNAMED
12-Feb-2026 14:43:23.315 INFO [main] org.apache.catalina.startup.VersionLoggerListener.log Command line argument: --add-opens=java.base/java.util.concurrent=ALL-UNNAMED
12-Feb-2026 14:43:23.315 INFO [main] org.apache.catalina.startup.VersionLoggerListener.log Command line argument: --add-opens=java.rmi/sun.rmi.transport=ALL-UNNAMED
12-Feb-2026 14:43:23.316 INFO [main] org.apache.catalina.startup.VersionLoggerListener.log Command line argument: -Dcatalina.home=/Users/adityadaharwal/Developer/TEST_PROJECT/src/week6/apache-tomcat-10.1.52
12-Feb-2026 14:43:23.316 INFO [main] org.apache.catalina.startup.VersionLoggerListener.log Command line argument: -Dcatalina.base=/Users/adityadaharwal/Developer/TEST_PROJECT/src/week6/day3/JSP_EXAMPLE/src/main/webpages
12-Feb-2026 14:43:23.316 INFO [main] org.apache.catalina.startup.VersionLoggerListener.log Command line argument: -Djava.io.tmpdir=/Users/adityadaharwal/Developer/TEST_PROJECT/src/week6/day3/JSP_EXAMPLE/src/main/webpages/temp
12-Feb-2026 14:43:23.316 INFO [main] org.apache.catalina.startup.VersionLoggerListener.log Command line argument: -Djava.util.logging.config.file=/Users/adityadaharwal/Developer/TEST_PROJECT/src/week6/day3/JSP_EXAMPLE/src/main/webpages/conf/logging.properties
12-Feb-2026 14:43:23.316 INFO [main] org.apache.catalina.startup.VersionLoggerListener.log Command line argument: -Djava.util.logging.manager=org.apache.juli.ClassLoaderLogManager
12-Feb-2026 14:43:23.317 INFO [main] org.apache.catalina.startup.VersionLoggerListener.log Command line argument: -javaagent:/Applications/IntelliJ IDEA.app/Contents/lib/idea_rt.jar=64167
12-Feb-2026 14:43:23.317 INFO [main] org.apache.catalina.startup.VersionLoggerListener.log Command line argument: -Dfile.encoding=UTF-8
12-Feb-2026 14:43:23.317 INFO [main] org.apache.catalina.startup.VersionLoggerListener.log Command line argument: -Dsun.stdout.encoding=UTF-8
12-Feb-2026 14:43:23.317 INFO [main] org.apache.catalina.startup.VersionLoggerListener.log Command line argument: -Dsun.stderr.encoding=UTF-8
12-Feb-2026 14:43:23.334 INFO [main] org.apache.catalina.core.AprLifecycleListener.lifecycleEvent The Apache Tomcat Native library which allows using OpenSSL was not found on the java.library.path: [/Users/adityadaharwal/Library/Java/Extensions:/Library/Java/Extensions:/Network/Library/Java/Extensions:/System/Library/Java/Extensions:/usr/lib/java:.]
12-Feb-2026 14:43:23.918 INFO [main] org.apache.coyote.AbstractProtocol.init Initializing ProtocolHandler ["http-nio-8080"]
12-Feb-2026 14:43:23.948 INFO [main] org.apache.catalina.startup.Catalina.load Server initialization in [905] milliseconds
12-Feb-2026 14:43:24.016 INFO [main] org.apache.catalina.core.StandardService.startInternal Starting service [Catalina]
12-Feb-2026 14:43:24.016 INFO [main] org.apache.catalina.core.StandardEngine.startInternal Starting Servlet engine: [Apache Tomcat/10.1.52]
12-Feb-2026 14:43:24.027 INFO [main] org.apache.catalina.startup.HostConfig.deployDescriptor Deploying deployment descriptor [/Users/adityadaharwal/Developer/TEST_PROJECT/src/week6/day3/JSP_EXAMPLE/src/main/webpages/conf/Catalina/localhost/app.xml]
12-Feb-2026 14:43:24.381 INFO [main] org.apache.catalina.startup.HostConfig.deployDescriptor Deployment of deployment descriptor [/Users/adityadaharwal/Developer/TEST_PROJECT/src/week6/day3/JSP_EXAMPLE/src/main/webpages/conf/Catalina/localhost/app.xml] has finished in [351] ms
12-Feb-2026 14:43:24.384 INFO [main] org.apache.coyote.AbstractProtocol.start Starting ProtocolHandler ["http-nio-8080"]
12-Feb-2026 14:43:24.406 INFO [main] org.apache.catalina.startup.Catalina.start Server startup in [456] milliseconds
12-Feb-2026 14:50:51.461 INFO [Thread-1] org.apache.coyote.AbstractProtocol.pause Pausing ProtocolHandler ["http-nio-8080"]
12-Feb-2026 14:50:51.472 INFO [Thread-1] org.apache.catalina.core.StandardService.stopInternal Stopping service [Catalina]
12-Feb-2026 14:50:51.486 INFO [Thread-1] org.apache.coyote.AbstractProtocol.stop Stopping ProtocolHandler ["http-nio-8080"]
12-Feb-2026 14:50:51.501 INFO [Thread-1] org.apache.coyote.AbstractProtocol.destroy Destroying ProtocolHandler ["http-nio-8080"]
12-Feb-2026 14:50:52.698 INFO [main] org.apache.catalina.startup.VersionLoggerListener.log Server version name:   Apache Tomcat/10.1.52
12-Feb-2026 14:50:52.701 INFO [main] org.apache.catalina.startup.VersionLoggerListener.log Server built:          Jan 23 2026 19:29:07 UTC
12-Feb-2026 14:50:52.701 INFO [main] org.apache.catalina.startup.VersionLoggerListener.log Server version number: 10.1.52.0
12-Feb-2026 14:50:52.701 INFO [main] org.apache.catalina.startup.VersionLoggerListener.log OS Name:               Mac OS X
12-Feb-2026 14:50:52.701 INFO [main] org.apache.catalina.startup.VersionLoggerListener.log OS Version:            26.2
12-Feb-2026 14:50:52.701 INFO [main] org.apache.catalina.startup.VersionLoggerListener.log Architecture:          aarch64
12-Feb-2026 14:50:52.701 INFO [main] org.apache.catalina.startup.VersionLoggerListener.log Java Home:             /opt/homebrew/Cellar/openjdk/25.0.1/libexec/openjdk.jdk/Contents/Home
12-Feb-2026 14:50:52.701 INFO [main] org.apache.catalina.startup.VersionLoggerListener.log JVM Version:           25.0.1
12-Feb-2026 14:50:52.702 INFO [main] org.apache.catalina.startup.VersionLoggerListener.log JVM Vendor:            Homebrew
12-Feb-2026 14:50:52.702 INFO [main] org.apache.catalina.startup.VersionLoggerListener.log CATALINA_BASE:         /Users/adityadaharwal/Developer/TEST_PROJECT/src/week6/day3/JSP_EXAMPLE/src/main/webpages
12-Feb-2026 14:50:52.702 INFO [main] org.apache.catalina.startup.VersionLoggerListener.log CATALINA_HOME:         /Users/adityadaharwal/Developer/TEST_PROJECT/src/week6/apache-tomcat-10.1.52
12-Feb-2026 14:50:52.711 INFO [main] org.apache.catalina.startup.VersionLoggerListener.log Command line argument: --add-opens=java.base/java.lang=ALL-UNNAMED
12-Feb-2026 14:50:52.712 INFO [main] org.apache.catalina.startup.VersionLoggerListener.log Command line argument: --add-opens=java.base/java.io=ALL-UNNAMED
12-Feb-2026 14:50:52.712 INFO [main] org.apache.catalina.startup.VersionLoggerListener.log Command line argument: --add-opens=java.base/java.util=ALL-UNNAMED
12-Feb-2026 14:50:52.712 INFO [main] org.apache.catalina.startup.VersionLoggerListener.log Command line argument: --add-opens=java.base/java.util.concurrent=ALL-UNNAMED
12-Feb-2026 14:50:52.712 INFO [main] org.apache.catalina.startup.VersionLoggerListener.log Command line argument: --add-opens=java.rmi/sun.rmi.transport=ALL-UNNAMED
12-Feb-2026 14:50:52.712 INFO [main] org.apache.catalina.startup.VersionLoggerListener.log Command line argument: -Dcatalina.home=/Users/adityadaharwal/Developer/TEST_PROJECT/src/week6/apache-tomcat-10.1.52
12-Feb-2026 14:50:52.712 INFO [main] org.apache.catalina.startup.VersionLoggerListener.log Command line argument: -Dcatalina.base=/Users/adityadaharwal/Developer/TEST_PROJECT/src/week6/day3/JSP_EXAMPLE/src/main/webpages
12-Feb-2026 14:50:52.712 INFO [main] org.apache.catalina.startup.VersionLoggerListener.log Command line argument: -Djava.io.tmpdir=/Users/adityadaharwal/Developer/TEST_PROJECT/src/week6/day3/JSP_EXAMPLE/src/main/webpages/temp
12-Feb-2026 14:50:52.712 INFO [main] org.apache.catalina.startup.VersionLoggerListener.log Command line argument: -Djava.util.logging.config.file=/Users/adityadaharwal/Developer/TEST_PROJECT/src/week6/day3/JSP_EXAMPLE/src/main/webpages/conf/logging.properties
12-Feb-2026 14:50:52.713 INFO [main] org.apache.catalina.startup.VersionLoggerListener.log Command line argument: -Djava.util.logging.manager=org.apache.juli.ClassLoaderLogManager
12-Feb-2026 14:50:52.713 INFO [main] org.apache.catalina.startup.VersionLoggerListener.log Command line argument: -javaagent:/Applications/IntelliJ IDEA.app/Contents/lib/idea_rt.jar=64178
12-Feb-2026 14:50:52.713 INFO [main] org.apache.catalina.startup.VersionLoggerListener.log Command line argument: -Dfile.encoding=UTF-8
12-Feb-2026 14:50:52.713 INFO [main] org.apache.catalina.startup.VersionLoggerListener.log Command line argument: -Dsun.stdout.encoding=UTF-8
12-Feb-2026 14:50:52.713 INFO [main] org.apache.catalina.startup.VersionLoggerListener.log Command line argument: -Dsun.stderr.encoding=UTF-8
12-Feb-2026 14:50:52.727 INFO [main] org.apache.catalina.core.AprLifecycleListener.lifecycleEvent The Apache Tomcat Native library which allows using OpenSSL was not found on the java.library.path: [/Users/adityadaharwal/Library/Java/Extensions:/Library/Java/Extensions:/Network/Library/Java/Extensions:/System/Library/Java/Extensions:/usr/lib/java:.]
12-Feb-2026 14:50:53.002 INFO [main] org.apache.coyote.AbstractProtocol.init Initializing ProtocolHandler ["http-nio-8080"]
12-Feb-2026 14:50:53.026 INFO [main] org.apache.catalina.startup.Catalina.load Server initialization in [477] milliseconds
12-Feb-2026 14:50:53.073 INFO [main] org.apache.catalina.core.StandardService.startInternal Starting service [Catalina]
12-Feb-2026 14:50:53.073 INFO [main] org.apache.catalina.core.StandardEngine.startInternal Starting Servlet engine: [Apache Tomcat/10.1.52]
12-Feb-2026 14:50:53.082 INFO [main] org.apache.catalina.startup.HostConfig.deployDescriptor Deploying deployment descriptor [/Users/adityadaharwal/Developer/TEST_PROJECT/src/week6/day3/JSP_EXAMPLE/src/main/webpages/conf/Catalina/localhost/app.xml]
12-Feb-2026 14:50:53.560 INFO [main] org.apache.catalina.startup.HostConfig.deployDescriptor Deployment of deployment descriptor [/Users/adityadaharwal/Developer/TEST_PROJECT/src/week6/day3/JSP_EXAMPLE/src/main/webpages/conf/Catalina/localhost/app.xml] has finished in [473] ms
12-Feb-2026 14:50:53.566 INFO [main] org.apache.coyote.AbstractProtocol.start Starting ProtocolHandler ["http-nio-8080"]
12-Feb-2026 14:50:53.608 INFO [main] org.apache.catalina.startup.Catalina.start Server startup in [580] milliseconds
12-Feb-2026 14:52:32.763 INFO [Thread-1] org.apache.coyote.AbstractProtocol.pause Pausing ProtocolHandler ["http-nio-8080"]
12-Feb-2026 14:52:32.771 INFO [Thread-1] org.apache.catalina.core.StandardService.stopInternal Stopping service [Catalina]
12-Feb-2026 14:52:32.791 INFO [Thread-1] org.apache.coyote.AbstractProtocol.stop Stopping ProtocolHandler ["http-nio-8080"]
12-Feb-2026 14:52:32.798 INFO [Thread-1] org.apache.coyote.AbstractProtocol.destroy Destroying ProtocolHandler ["http-nio-8080"]
12-Feb-2026 14:52:34.019 INFO [main] org.apache.catalina.startup.VersionLoggerListener.log Server version name:   Apache Tomcat/10.1.52
12-Feb-2026 14:52:34.022 INFO [main] org.apache.catalina.startup.VersionLoggerListener.log Server built:          Jan 23 2026 19:29:07 UTC
12-Feb-2026 14:52:34.022 INFO [main] org.apache.catalina.startup.VersionLoggerListener.log Server version number: 10.1.52.0
12-Feb-2026 14:52:34.022 INFO [main] org.apache.catalina.startup.VersionLoggerListener.log OS Name:               Mac OS X
12-Feb-2026 14:52:34.022 INFO [main] org.apache.catalina.startup.VersionLoggerListener.log OS Version:            26.2
12-Feb-2026 14:52:34.022 INFO [main] org.apache.catalina.startup.VersionLoggerListener.log Architecture:          aarch64
12-Feb-2026 14:52:34.022 INFO [main] org.apache.catalina.startup.VersionLoggerListener.log Java Home:             /opt/homebrew/Cellar/openjdk/25.0.1/libexec/openjdk.jdk/Contents/Home
12-Feb-2026 14:52:34.022 INFO [main] org.apache.catalina.startup.VersionLoggerListener.log JVM Version:           25.0.1
12-Feb-2026 14:52:34.022 INFO [main] org.apache.catalina.startup.VersionLoggerListener.log JVM Vendor:            Homebrew
12-Feb-2026 14:52:34.023 INFO [main] org.apache.catalina.startup.VersionLoggerListener.log CATALINA_BASE:         /Users/adityadaharwal/Developer/TEST_PROJECT/src/week6/day3/JSP_EXAMPLE/src/main/webpages
12-Feb-2026 14:52:34.023 INFO [main] org.apache.catalina.startup.VersionLoggerListener.log CATALINA_HOME:         /Users/adityadaharwal/Developer/TEST_PROJECT/src/week6/apache-tomcat-10.1.52
12-Feb-2026 14:52:34.033 INFO [main] org.apache.catalina.startup.VersionLoggerListener.log Command line argument: --add-opens=java.base/java.lang=ALL-UNNAMED
12-Feb-2026 14:52:34.033 INFO [main] org.apache.catalina.startup.VersionLoggerListener.log Command line argument: --add-opens=java.base/java.io=ALL-UNNAMED
12-Feb-2026 14:52:34.034 INFO [main] org.apache.catalina.startup.VersionLoggerListener.log Command line argument: --add-opens=java.base/java.util=ALL-UNNAMED
12-Feb-2026 14:52:34.034 INFO [main] org.apache.catalina.startup.VersionLoggerListener.log Command line argument: --add-opens=java.base/java.util.concurrent=ALL-UNNAMED
12-Feb-2026 14:52:34.034 INFO [main] org.apache.catalina.startup.VersionLoggerListener.log Command line argument: --add-opens=java.rmi/sun.rmi.transport=ALL-UNNAMED
12-Feb-2026 14:52:34.034 INFO [main] org.apache.catalina.startup.VersionLoggerListener.log Command line argument: -Dcatalina.home=/Users/adityadaharwal/Developer/TEST_PROJECT/src/week6/apache-tomcat-10.1.52
12-Feb-2026 14:52:34.034 INFO [main] org.apache.catalina.startup.VersionLoggerListener.log Command line argument: -Dcatalina.base=/Users/adityadaharwal/Developer/TEST_PROJECT/src/week6/day3/JSP_EXAMPLE/src/main/webpages
12-Feb-2026 14:52:34.034 INFO [main] org.apache.catalina.startup.VersionLoggerListener.log Command line argument: -Djava.io.tmpdir=/Users/adityadaharwal/Developer/TEST_PROJECT/src/week6/day3/JSP_EXAMPLE/src/main/webpages/temp
12-Feb-2026 14:52:34.034 INFO [main] org.apache.catalina.startup.VersionLoggerListener.log Command line argument: -Djava.util.logging.config.file=/Users/adityadaharwal/Developer/TEST_PROJECT/src/week6/day3/JSP_EXAMPLE/src/main/webpages/conf/logging.properties
12-Feb-2026 14:52:34.034 INFO [main] org.apache.catalina.startup.VersionLoggerListener.log Command line argument: -Djava.util.logging.manager=org.apache.juli.ClassLoaderLogManager
12-Feb-2026 14:52:34.034 INFO [main] org.apache.catalina.startup.VersionLoggerListener.log Command line argument: -javaagent:/Applications/IntelliJ IDEA.app/Contents/lib/idea_rt.jar=64189
12-Feb-2026 14:52:34.034 INFO [main] org.apache.catalina.startup.VersionLoggerListener.log Command line argument: -Dfile.encoding=UTF-8
12-Feb-2026 14:52:34.034 INFO [main] org.apache.catalina.startup.VersionLoggerListener.log Command line argument: -Dsun.stdout.encoding=UTF-8
12-Feb-2026 14:52:34.035 INFO [main] org.apache.catalina.startup.VersionLoggerListener.log Command line argument: -Dsun.stderr.encoding=UTF-8
12-Feb-2026 14:52:34.046 INFO [main] org.apache.catalina.core.AprLifecycleListener.lifecycleEvent The Apache Tomcat Native library which allows using OpenSSL was not found on the java.library.path: [/Users/adityadaharwal/Library/Java/Extensions:/Library/Java/Extensions:/Network/Library/Java/Extensions:/System/Library/Java/Extensions:/usr/lib/java:.]
12-Feb-2026 14:52:34.470 INFO [main] org.apache.coyote.AbstractProtocol.init Initializing ProtocolHandler ["http-nio-8080"]
12-Feb-2026 14:52:34.490 INFO [main] org.apache.catalina.startup.Catalina.load Server initialization in [644] milliseconds
12-Feb-2026 14:52:34.534 INFO [main] org.apache.catalina.core.StandardService.startInternal Starting service [Catalina]
12-Feb-2026 14:52:34.534 INFO [main] org.apache.catalina.core.StandardEngine.startInternal Starting Servlet engine: [Apache Tomcat/10.1.52]
12-Feb-2026 14:52:34.542 INFO [main] org.apache.catalina.startup.HostConfig.deployDescriptor Deploying deployment descriptor [/Users/adityadaharwal/Developer/TEST_PROJECT/src/week6/day3/JSP_EXAMPLE/src/main/webpages/conf/Catalina/localhost/app.xml]
12-Feb-2026 14:52:34.857 INFO [main] org.apache.catalina.startup.HostConfig.deployDescriptor Deployment of deployment descriptor [/Users/adityadaharwal/Developer/TEST_PROJECT/src/week6/day3/JSP_EXAMPLE/src/main/webpages/conf/Catalina/localhost/app.xml] has finished in [312] ms
12-Feb-2026 14:52:34.861 INFO [main] org.apache.coyote.AbstractProtocol.start Starting ProtocolHandler ["http-nio-8080"]
12-Feb-2026 14:52:34.881 INFO [main] org.apache.catalina.startup.Catalina.start Server startup in [390] milliseconds
12-Feb-2026 14:56:41.124 INFO [Thread-1] org.apache.coyote.AbstractProtocol.pause Pausing ProtocolHandler ["http-nio-8080"]
12-Feb-2026 14:56:41.132 INFO [Thread-1] org.apache.catalina.core.StandardService.stopInternal Stopping service [Catalina]
12-Feb-2026 14:56:41.151 INFO [Thread-1] org.apache.coyote.AbstractProtocol.stop Stopping ProtocolHandler ["http-nio-8080"]
12-Feb-2026 14:56:41.160 INFO [Thread-1] org.apache.coyote.AbstractProtocol.destroy Destroying ProtocolHandler ["http-nio-8080"]
12-Feb-2026 14:56:42.370 INFO [main] org.apache.catalina.startup.VersionLoggerListener.log Server version name:   Apache Tomcat/10.1.52
12-Feb-2026 14:56:42.372 INFO [main] org.apache.catalina.startup.VersionLoggerListener.log Server built:          Jan 23 2026 19:29:07 UTC
12-Feb-2026 14:56:42.372 INFO [main] org.apache.catalina.startup.VersionLoggerListener.log Server version number: 10.1.52.0
12-Feb-2026 14:56:42.372 INFO [main] org.apache.catalina.startup.VersionLoggerListener.log OS Name:               Mac OS X
12-Feb-2026 14:56:42.372 INFO [main] org.apache.catalina.startup.VersionLoggerListener.log OS Version:            26.2
12-Feb-2026 14:56:42.373 INFO [main] org.apache.catalina.startup.VersionLoggerListener.log Architecture:          aarch64
12-Feb-2026 14:56:42.373 INFO [main] org.apache.catalina.startup.VersionLoggerListener.log Java Home:             /opt/homebrew/Cellar/openjdk/25.0.1/libexec/openjdk.jdk/Contents/Home
12-Feb-2026 14:56:42.373 INFO [main] org.apache.catalina.startup.VersionLoggerListener.log JVM Version:           25.0.1
12-Feb-2026 14:56:42.373 INFO [main] org.apache.catalina.startup.VersionLoggerListener.log JVM Vendor:            Homebrew
12-Feb-2026 14:56:42.373 INFO [main] org.apache.catalina.startup.VersionLoggerListener.log CATALINA_BASE:         /Users/adityadaharwal/Developer/TEST_PROJECT/src/week6/day3/JSP_EXAMPLE/src/main/webpages
12-Feb-2026 14:56:42.373 INFO [main] org.apache.catalina.startup.VersionLoggerListener.log CATALINA_HOME:         /Users/adityadaharwal/Developer/TEST_PROJECT/src/week6/apache-tomcat-10.1.52
12-Feb-2026 14:56:42.383 INFO [main] org.apache.catalina.startup.VersionLoggerListener.log Command line argument: --add-opens=java.base/java.lang=ALL-UNNAMED
12-Feb-2026 14:56:42.383 INFO [main] org.apache.catalina.startup.VersionLoggerListener.log Command line argument: --add-opens=java.base/java.io=ALL-UNNAMED
12-Feb-2026 14:56:42.383 INFO [main] org.apache.catalina.startup.VersionLoggerListener.log Command line argument: --add-opens=java.base/java.util=ALL-UNNAMED
12-Feb-2026 14:56:42.383 INFO [main] org.apache.catalina.startup.VersionLoggerListener.log Command line argument: --add-opens=java.base/java.util.concurrent=ALL-UNNAMED
12-Feb-2026 14:56:42.383 INFO [main] org.apache.catalina.startup.VersionLoggerListener.log Command line argument: --add-opens=java.rmi/sun.rmi.transport=ALL-UNNAMED
12-Feb-2026 14:56:42.383 INFO [main] org.apache.catalina.startup.VersionLoggerListener.log Command line argument: -Dcatalina.home=/Users/adityadaharwal/Developer/TEST_PROJECT/src/week6/apache-tomcat-10.1.52
12-Feb-2026 14:56:42.383 INFO [main] org.apache.catalina.startup.VersionLoggerListener.log Command line argument: -Dcatalina.base=/Users/adityadaharwal/Developer/TEST_PROJECT/src/week6/day3/JSP_EXAMPLE/src/main/webpages
12-Feb-2026 14:56:42.384 INFO [main] org.apache.catalina.startup.VersionLoggerListener.log Command line argument: -Djava.io.tmpdir=/Users/adityadaharwal/Developer/TEST_PROJECT/src/week6/day3/JSP_EXAMPLE/src/main/webpages/temp
12-Feb-2026 14:56:42.384 INFO [main] org.apache.catalina.startup.VersionLoggerListener.log Command line argument: -Djava.util.logging.config.file=/Users/adityadaharwal/Developer/TEST_PROJECT/src/week6/day3/JSP_EXAMPLE/src/main/webpages/conf/logging.properties
12-Feb-2026 14:56:42.384 INFO [main] org.apache.catalina.startup.VersionLoggerListener.log Command line argument: -Djava.util.logging.manager=org.apache.juli.ClassLoaderLogManager
12-Feb-2026 14:56:42.384 INFO [main] org.apache.catalina.startup.VersionLoggerListener.log Command line argument: -javaagent:/Applications/IntelliJ IDEA.app/Contents/lib/idea_rt.jar=64203
12-Feb-2026 14:56:42.384 INFO [main] org.apache.catalina.startup.VersionLoggerListener.log Command line argument: -Dfile.encoding=UTF-8
12-Feb-2026 14:56:42.384 INFO [main] org.apache.catalina.startup.VersionLoggerListener.log Command line argument: -Dsun.stdout.encoding=UTF-8
12-Feb-2026 14:56:42.384 INFO [main] org.apache.catalina.startup.VersionLoggerListener.log Command line argument: -Dsun.stderr.encoding=UTF-8
12-Feb-2026 14:56:42.398 INFO [main] org.apache.catalina.core.AprLifecycleListener.lifecycleEvent The Apache Tomcat Native library which allows using OpenSSL was not found on the java.library.path: [/Users/adityadaharwal/Library/Java/Extensions:/Library/Java/Extensions:/Network/Library/Java/Extensions:/System/Library/Java/Extensions:/usr/lib/java:.]
12-Feb-2026 14:56:42.704 INFO [main] org.apache.coyote.AbstractProtocol.init Initializing ProtocolHandler ["http-nio-8080"]
12-Feb-2026 14:56:42.727 INFO [main] org.apache.catalina.startup.Catalina.load Server initialization in [502] milliseconds
12-Feb-2026 14:56:42.780 INFO [main] org.apache.catalina.core.StandardService.startInternal Starting service [Catalina]
12-Feb-2026 14:56:42.780 INFO [main] org.apache.catalina.core.StandardEngine.startInternal Starting Servlet engine: [Apache Tomcat/10.1.52]
12-Feb-2026 14:56:42.789 INFO [main] org.apache.catalina.startup.HostConfig.deployDescriptor Deploying deployment descriptor [/Users/adityadaharwal/Developer/TEST_PROJECT/src/week6/day3/JSP_EXAMPLE/src/main/webpages/conf/Catalina/localhost/app.xml]
12-Feb-2026 14:56:43.097 INFO [main] org.apache.catalina.startup.HostConfig.deployDescriptor Deployment of deployment descriptor [/Users/adityadaharwal/Developer/TEST_PROJECT/src/week6/day3/JSP_EXAMPLE/src/main/webpages/conf/Catalina/localhost/app.xml] has finished in [305] ms
12-Feb-2026 14:56:43.100 INFO [main] org.apache.coyote.AbstractProtocol.start Starting ProtocolHandler ["http-nio-8080"]
12-Feb-2026 14:56:43.120 INFO [main] org.apache.catalina.startup.Catalina.start Server startup in [391] milliseconds
12-Feb-2026 14:57:49.775 INFO [Thread-1] org.apache.coyote.AbstractProtocol.pause Pausing ProtocolHandler ["http-nio-8080"]
12-Feb-2026 14:57:49.783 INFO [Thread-1] org.apache.catalina.core.StandardService.stopInternal Stopping service [Catalina]
12-Feb-2026 14:57:49.798 INFO [Thread-1] org.apache.coyote.AbstractProtocol.stop Stopping ProtocolHandler ["http-nio-8080"]
12-Feb-2026 14:57:49.808 INFO [Thread-1] org.apache.coyote.AbstractProtocol.destroy Destroying ProtocolHandler ["http-nio-8080"]
12-Feb-2026 14:57:50.961 INFO [main] org.apache.catalina.startup.VersionLoggerListener.log Server version name:   Apache Tomcat/10.1.52
12-Feb-2026 14:57:50.965 INFO [main] org.apache.catalina.startup.VersionLoggerListener.log Server built:          Jan 23 2026 19:29:07 UTC
12-Feb-2026 14:57:50.965 INFO [main] org.apache.catalina.startup.VersionLoggerListener.log Server version number: 10.1.52.0
12-Feb-2026 14:57:50.966 INFO [main] org.apache.catalina.startup.VersionLoggerListener.log OS Name:               Mac OS X
12-Feb-2026 14:57:50.966 INFO [main] org.apache.catalina.startup.VersionLoggerListener.log OS Version:            26.2
12-Feb-2026 14:57:50.966 INFO [main] org.apache.catalina.startup.VersionLoggerListener.log Architecture:          aarch64
12-Feb-2026 14:57:50.966 INFO [main] org.apache.catalina.startup.VersionLoggerListener.log Java Home:             /opt/homebrew/Cellar/openjdk/25.0.1/libexec/openjdk.jdk/Contents/Home
12-Feb-2026 14:57:50.966 INFO [main] org.apache.catalina.startup.VersionLoggerListener.log JVM Version:           25.0.1
12-Feb-2026 14:57:50.966 INFO [main] org.apache.catalina.startup.VersionLoggerListener.log JVM Vendor:            Homebrew
12-Feb-2026 14:57:50.966 INFO [main] org.apache.catalina.startup.VersionLoggerListener.log CATALINA_BASE:         /Users/adityadaharwal/Developer/TEST_PROJECT/src/week6/day3/JSP_EXAMPLE/src/main/webpages
12-Feb-2026 14:57:50.966 INFO [main] org.apache.catalina.startup.VersionLoggerListener.log CATALINA_HOME:         /Users/adityadaharwal/Developer/TEST_PROJECT/src/week6/apache-tomcat-10.1.52
12-Feb-2026 14:57:50.982 INFO [main] org.apache.catalina.startup.VersionLoggerListener.log Command line argument: --add-opens=java.base/java.lang=ALL-UNNAMED
12-Feb-2026 14:57:50.982 INFO [main] org.apache.catalina.startup.VersionLoggerListener.log Command line argument: --add-opens=java.base/java.io=ALL-UNNAMED
12-Feb-2026 14:57:50.982 INFO [main] org.apache.catalina.startup.VersionLoggerListener.log Command line argument: --add-opens=java.base/java.util=ALL-UNNAMED
12-Feb-2026 14:57:50.982 INFO [main] org.apache.catalina.startup.VersionLoggerListener.log Command line argument: --add-opens=java.base/java.util.concurrent=ALL-UNNAMED
12-Feb-2026 14:57:50.982 INFO [main] org.apache.catalina.startup.VersionLoggerListener.log Command line argument: --add-opens=java.rmi/sun.rmi.transport=ALL-UNNAMED
12-Feb-2026 14:57:50.982 INFO [main] org.apache.catalina.startup.VersionLoggerListener.log Command line argument: -Dcatalina.home=/Users/adityadaharwal/Developer/TEST_PROJECT/src/week6/apache-tomcat-10.1.52
12-Feb-2026 14:57:50.982 INFO [main] org.apache.catalina.startup.VersionLoggerListener.log Command line argument: -Dcatalina.base=/Users/adityadaharwal/Developer/TEST_PROJECT/src/week6/day3/JSP_EXAMPLE/src/main/webpages
12-Feb-2026 14:57:50.983 INFO [main] org.apache.catalina.startup.VersionLoggerListener.log Command line argument: -Djava.io.tmpdir=/Users/adityadaharwal/Developer/TEST_PROJECT/src/week6/day3/JSP_EXAMPLE/src/main/webpages/temp
12-Feb-2026 14:57:50.983 INFO [main] org.apache.catalina.startup.VersionLoggerListener.log Command line argument: -Djava.util.logging.config.file=/Users/adityadaharwal/Developer/TEST_PROJECT/src/week6/day3/JSP_EXAMPLE/src/main/webpages/conf/logging.properties
12-Feb-2026 14:57:50.983 INFO [main] org.apache.catalina.startup.VersionLoggerListener.log Command line argument: -Djava.util.logging.manager=org.apache.juli.ClassLoaderLogManager
12-Feb-2026 14:57:50.983 INFO [main] org.apache.catalina.startup.VersionLoggerListener.log Command line argument: -javaagent:/Applications/IntelliJ IDEA.app/Contents/lib/idea_rt.jar=64208
12-Feb-2026 14:57:50.983 INFO [main] org.apache.catalina.startup.VersionLoggerListener.log Command line argument: -Dfile.encoding=UTF-8
12-Feb-2026 14:57:50.983 INFO [main] org.apache.catalina.startup.VersionLoggerListener.log Command line argument: -Dsun.stdout.encoding=UTF-8
12-Feb-2026 14:57:50.983 INFO [main] org.apache.catalina.startup.VersionLoggerListener.log Command line argument: -Dsun.stderr.encoding=UTF-8
12-Feb-2026 14:57:51.000 INFO [main] org.apache.catalina.core.AprLifecycleListener.lifecycleEvent The Apache Tomcat Native library which allows using OpenSSL was not found on the java.library.path: [/Users/adityadaharwal/Library/Java/Extensions:/Library/Java/Extensions:/Network/Library/Java/Extensions:/System/Library/Java/Extensions:/usr/lib/java:.]
12-Feb-2026 14:57:51.650 INFO [main] org.apache.coyote.AbstractProtocol.init Initializing ProtocolHandler ["http-nio-8080"]
12-Feb-2026 14:57:51.679 INFO [main] org.apache.catalina.startup.Catalina.load Server initialization in [906] milliseconds
12-Feb-2026 14:57:51.731 INFO [main] org.apache.catalina.core.StandardService.startInternal Starting service [Catalina]
12-Feb-2026 14:57:51.731 INFO [main] org.apache.catalina.core.StandardEngine.startInternal Starting Servlet engine: [Apache Tomcat/10.1.52]
12-Feb-2026 14:57:51.743 INFO [main] org.apache.catalina.startup.HostConfig.deployDescriptor Deploying deployment descriptor [/Users/adityadaharwal/Developer/TEST_PROJECT/src/week6/day3/JSP_EXAMPLE/src/main/webpages/conf/Catalina/localhost/app.xml]
12-Feb-2026 14:57:52.124 INFO [main] org.apache.catalina.startup.HostConfig.deployDescriptor Deployment of deployment descriptor [/Users/adityadaharwal/Developer/TEST_PROJECT/src/week6/day3/JSP_EXAMPLE/src/main/webpages/conf/Catalina/localhost/app.xml] has finished in [379] ms
12-Feb-2026 14:57:52.127 INFO [main] org.apache.coyote.AbstractProtocol.start Starting ProtocolHandler ["http-nio-8080"]
12-Feb-2026 14:57:52.147 INFO [main] org.apache.catalina.startup.Catalina.start Server startup in [465] milliseconds
12-Feb-2026 14:58:34.569 INFO [Thread-1] org.apache.coyote.AbstractProtocol.pause Pausing ProtocolHandler ["http-nio-8080"]
12-Feb-2026 14:58:34.578 INFO [Thread-1] org.apache.catalina.core.StandardService.stopInternal Stopping service [Catalina]
12-Feb-2026 14:58:34.596 INFO [Thread-1] org.apache.coyote.AbstractProtocol.stop Stopping ProtocolHandler ["http-nio-8080"]
12-Feb-2026 14:58:34.605 INFO [Thread-1] org.apache.coyote.AbstractProtocol.destroy Destroying ProtocolHandler ["http-nio-8080"]
12-Feb-2026 14:58:35.966 INFO [main] org.apache.catalina.startup.VersionLoggerListener.log Server version name:   Apache Tomcat/10.1.52
12-Feb-2026 14:58:35.975 INFO [main] org.apache.catalina.startup.VersionLoggerListener.log Server built:          Jan 23 2026 19:29:07 UTC
12-Feb-2026 14:58:35.975 INFO [main] org.apache.catalina.startup.VersionLoggerListener.log Server version number: 10.1.52.0
12-Feb-2026 14:58:35.976 INFO [main] org.apache.catalina.startup.VersionLoggerListener.log OS Name:               Mac OS X
12-Feb-2026 14:58:35.976 INFO [main] org.apache.catalina.startup.VersionLoggerListener.log OS Version:            26.2
12-Feb-2026 14:58:35.976 INFO [main] org.apache.catalina.startup.VersionLoggerListener.log Architecture:          aarch64
12-Feb-2026 14:58:35.976 INFO [main] org.apache.catalina.startup.VersionLoggerListener.log Java Home:             /opt/homebrew/Cellar/openjdk/25.0.1/libexec/openjdk.jdk/Contents/Home
12-Feb-2026 14:58:35.977 INFO [main] org.apache.catalina.startup.VersionLoggerListener.log JVM Version:           25.0.1
12-Feb-2026 14:58:35.978 INFO [main] org.apache.catalina.startup.VersionLoggerListener.log JVM Vendor:            Homebrew
12-Feb-2026 14:58:35.979 INFO [main] org.apache.catalina.startup.VersionLoggerListener.log CATALINA_BASE:         /Users/adityadaharwal/Developer/TEST_PROJECT/src/week6/day3/JSP_EXAMPLE/src/main/webpages
12-Feb-2026 14:58:35.979 INFO [main] org.apache.catalina.startup.VersionLoggerListener.log CATALINA_HOME:         /Users/adityadaharwal/Developer/TEST_PROJECT/src/week6/apache-tomcat-10.1.52
12-Feb-2026 14:58:36.000 INFO [main] org.apache.catalina.startup.VersionLoggerListener.log Command line argument: --add-opens=java.base/java.lang=ALL-UNNAMED
12-Feb-2026 14:58:36.000 INFO [main] org.apache.catalina.startup.VersionLoggerListener.log Command line argument: --add-opens=java.base/java.io=ALL-UNNAMED
12-Feb-2026 14:58:36.001 INFO [main] org.apache.catalina.startup.VersionLoggerListener.log Command line argument: --add-opens=java.base/java.util=ALL-UNNAMED
12-Feb-2026 14:58:36.001 INFO [main] org.apache.catalina.startup.VersionLoggerListener.log Command line argument: --add-opens=java.base/java.util.concurrent=ALL-UNNAMED
12-Feb-2026 14:58:36.001 INFO [main] org.apache.catalina.startup.VersionLoggerListener.log Command line argument: --add-opens=java.rmi/sun.rmi.transport=ALL-UNNAMED
12-Feb-2026 14:58:36.001 INFO [main] org.apache.catalina.startup.VersionLoggerListener.log Command line argument: -Dcatalina.home=/Users/adityadaharwal/Developer/TEST_PROJECT/src/week6/apache-tomcat-10.1.52
12-Feb-2026 14:58:36.001 INFO [main] org.apache.catalina.startup.VersionLoggerListener.log Command line argument: -Dcatalina.base=/Users/adityadaharwal/Developer/TEST_PROJECT/src/week6/day3/JSP_EXAMPLE/src/main/webpages
12-Feb-2026 14:58:36.001 INFO [main] org.apache.catalina.startup.VersionLoggerListener.log Command line argument: -Djava.io.tmpdir=/Users/adityadaharwal/Developer/TEST_PROJECT/src/week6/day3/JSP_EXAMPLE/src/main/webpages/temp
12-Feb-2026 14:58:36.001 INFO [main] org.apache.catalina.startup.VersionLoggerListener.log Command line argument: -Djava.util.logging.config.file=/Users/adityadaharwal/Developer/TEST_PROJECT/src/week6/day3/JSP_EXAMPLE/src/main/webpages/conf/logging.properties
12-Feb-2026 14:58:36.001 INFO [main] org.apache.catalina.startup.VersionLoggerListener.log Command line argument: -Djava.util.logging.manager=org.apache.juli.ClassLoaderLogManager
12-Feb-2026 14:58:36.002 INFO [main] org.apache.catalina.startup.VersionLoggerListener.log Command line argument: -javaagent:/Applications/IntelliJ IDEA.app/Contents/lib/idea_rt.jar=64214
12-Feb-2026 14:58:36.002 INFO [main] org.apache.catalina.startup.VersionLoggerListener.log Command line argument: -Dfile.encoding=UTF-8
12-Feb-2026 14:58:36.002 INFO [main] org.apache.catalina.startup.VersionLoggerListener.log Command line argument: -Dsun.stdout.encoding=UTF-8
12-Feb-2026 14:58:36.002 INFO [main] org.apache.catalina.startup.VersionLoggerListener.log Command line argument: -Dsun.stderr.encoding=UTF-8
12-Feb-2026 14:58:36.023 INFO [main] org.apache.catalina.core.AprLifecycleListener.lifecycleEvent The Apache Tomcat Native library which allows using OpenSSL was not found on the java.library.path: [/Users/adityadaharwal/Library/Java/Extensions:/Library/Java/Extensions:/Network/Library/Java/Extensions:/System/Library/Java/Extensions:/usr/lib/java:.]
12-Feb-2026 14:58:36.550 INFO [main] org.apache.coyote.AbstractProtocol.init Initializing ProtocolHandler ["http-nio-8080"]
12-Feb-2026 14:58:36.583 INFO [main] org.apache.catalina.startup.Catalina.load Server initialization in [986] milliseconds
12-Feb-2026 14:58:36.638 INFO [main] org.apache.catalina.core.StandardService.startInternal Starting service [Catalina]
12-Feb-2026 14:58:36.638 INFO [main] org.apache.catalina.core.StandardEngine.startInternal Starting Servlet engine: [Apache Tomcat/10.1.52]
12-Feb-2026 14:58:36.652 INFO [main] org.apache.catalina.startup.HostConfig.deployDescriptor Deploying deployment descriptor [/Users/adityadaharwal/Developer/TEST_PROJECT/src/week6/day3/JSP_EXAMPLE/src/main/webpages/conf/Catalina/localhost/app.xml]
12-Feb-2026 14:58:37.260 INFO [main] org.apache.catalina.startup.HostConfig.deployDescriptor Deployment of deployment descriptor [/Users/adityadaharwal/Developer/TEST_PROJECT/src/week6/day3/JSP_EXAMPLE/src/main/webpages/conf/Catalina/localhost/app.xml] has finished in [604] ms
12-Feb-2026 14:58:37.268 INFO [main] org.apache.coyote.AbstractProtocol.start Starting ProtocolHandler ["http-nio-8080"]
12-Feb-2026 14:58:37.304 INFO [main] org.apache.catalina.startup.Catalina.start Server startup in [717] milliseconds
12-Feb-2026 15:00:38.296 INFO [Thread-1] org.apache.coyote.AbstractProtocol.pause Pausing ProtocolHandler ["http-nio-8080"]
12-Feb-2026 15:00:38.332 INFO [Thread-1] org.apache.catalina.core.StandardService.stopInternal Stopping service [Catalina]
12-Feb-2026 15:00:38.354 INFO [Thread-1] org.apache.coyote.AbstractProtocol.stop Stopping ProtocolHandler ["http-nio-8080"]
12-Feb-2026 15:00:38.370 INFO [Thread-1] org.apache.coyote.AbstractProtocol.destroy Destroying ProtocolHandler ["http-nio-8080"]
12-Feb-2026 15:00:39.510 INFO [main] org.apache.catalina.startup.VersionLoggerListener.log Server version name:   Apache Tomcat/10.1.52
12-Feb-2026 15:00:39.514 INFO [main] org.apache.catalina.startup.VersionLoggerListener.log Server built:          Jan 23 2026 19:29:07 UTC
12-Feb-2026 15:00:39.514 INFO [main] org.apache.catalina.startup.VersionLoggerListener.log Server version number: 10.1.52.0
12-Feb-2026 15:00:39.514 INFO [main] org.apache.catalina.startup.VersionLoggerListener.log OS Name:               Mac OS X
12-Feb-2026 15:00:39.514 INFO [main] org.apache.catalina.startup.VersionLoggerListener.log OS Version:            26.2
12-Feb-2026 15:00:39.514 INFO [main] org.apache.catalina.startup.VersionLoggerListener.log Architecture:          aarch64
12-Feb-2026 15:00:39.514 INFO [main] org.apache.catalina.startup.VersionLoggerListener.log Java Home:             /opt/homebrew/Cellar/openjdk/25.0.1/libexec/openjdk.jdk/Contents/Home
12-Feb-2026 15:00:39.514 INFO [main] org.apache.catalina.startup.VersionLoggerListener.log JVM Version:           25.0.1
12-Feb-2026 15:00:39.514 INFO [main] org.apache.catalina.startup.VersionLoggerListener.log JVM Vendor:            Homebrew
12-Feb-2026 15:00:39.514 INFO [main] org.apache.catalina.startup.VersionLoggerListener.log CATALINA_BASE:         /Users/adityadaharwal/Developer/TEST_PROJECT/src/week6/day3/JSP_EXAMPLE/src/main/webpages
12-Feb-2026 15:00:39.514 INFO [main] org.apache.catalina.startup.VersionLoggerListener.log CATALINA_HOME:         /Users/adityadaharwal/Developer/TEST_PROJECT/src/week6/apache-tomcat-10.1.52
12-Feb-2026 15:00:39.523 INFO [main] org.apache.catalina.startup.VersionLoggerListener.log Command line argument: --add-opens=java.base/java.lang=ALL-UNNAMED
12-Feb-2026 15:00:39.523 INFO [main] org.apache.catalina.startup.VersionLoggerListener.log Command line argument: --add-opens=java.base/java.io=ALL-UNNAMED
12-Feb-2026 15:00:39.524 INFO [main] org.apache.catalina.startup.VersionLoggerListener.log Command line argument: --add-opens=java.base/java.util=ALL-UNNAMED
12-Feb-2026 15:00:39.524 INFO [main] org.apache.catalina.startup.VersionLoggerListener.log Command line argument: --add-opens=java.base/java.util.concurrent=ALL-UNNAMED
12-Feb-2026 15:00:39.524 INFO [main] org.apache.catalina.startup.VersionLoggerListener.log Command line argument: --add-opens=java.rmi/sun.rmi.transport=ALL-UNNAMED
12-Feb-2026 15:00:39.524 INFO [main] org.apache.catalina.startup.VersionLoggerListener.log Command line argument: -Dcatalina.home=/Users/adityadaharwal/Developer/TEST_PROJECT/src/week6/apache-tomcat-10.1.52
12-Feb-2026 15:00:39.524 INFO [main] org.apache.catalina.startup.VersionLoggerListener.log Command line argument: -Dcatalina.base=/Users/adityadaharwal/Developer/TEST_PROJECT/src/week6/day3/JSP_EXAMPLE/src/main/webpages
12-Feb-2026 15:00:39.524 INFO [main] org.apache.catalina.startup.VersionLoggerListener.log Command line argument: -Djava.io.tmpdir=/Users/adityadaharwal/Developer/TEST_PROJECT/src/week6/day3/JSP_EXAMPLE/src/main/webpages/temp
12-Feb-2026 15:00:39.524 INFO [main] org.apache.catalina.startup.VersionLoggerListener.log Command line argument: -Djava.util.logging.config.file=/Users/adityadaharwal/Developer/TEST_PROJECT/src/week6/day3/JSP_EXAMPLE/src/main/webpages/conf/logging.properties
12-Feb-2026 15:00:39.524 INFO [main] org.apache.catalina.startup.VersionLoggerListener.log Command line argument: -Djava.util.logging.manager=org.apache.juli.ClassLoaderLogManager
12-Feb-2026 15:00:39.524 INFO [main] org.apache.catalina.startup.VersionLoggerListener.log Command line argument: -javaagent:/Applications/IntelliJ IDEA.app/Contents/lib/idea_rt.jar=64219
12-Feb-2026 15:00:39.524 INFO [main] org.apache.catalina.startup.VersionLoggerListener.log Command line argument: -Dfile.encoding=UTF-8
12-Feb-2026 15:00:39.524 INFO [main] org.apache.catalina.startup.VersionLoggerListener.log Command line argument: -Dsun.stdout.encoding=UTF-8
12-Feb-2026 15:00:39.525 INFO [main] org.apache.catalina.startup.VersionLoggerListener.log Command line argument: -Dsun.stderr.encoding=UTF-8
12-Feb-2026 15:00:39.534 INFO [main] org.apache.catalina.core.AprLifecycleListener.lifecycleEvent The Apache Tomcat Native library which allows using OpenSSL was not found on the java.library.path: [/Users/adityadaharwal/Library/Java/Extensions:/Library/Java/Extensions:/Network/Library/Java/Extensions:/System/Library/Java/Extensions:/usr/lib/java:.]
12-Feb-2026 15:00:39.882 INFO [main] org.apache.coyote.AbstractProtocol.init Initializing ProtocolHandler ["http-nio-8080"]
12-Feb-2026 15:00:39.912 INFO [main] org.apache.catalina.startup.Catalina.load Server initialization in [550] milliseconds
12-Feb-2026 15:00:39.961 INFO [main] org.apache.catalina.core.StandardService.startInternal Starting service [Catalina]
12-Feb-2026 15:00:39.962 INFO [main] org.apache.catalina.core.StandardEngine.startInternal Starting Servlet engine: [Apache Tomcat/10.1.52]
12-Feb-2026 15:00:39.971 INFO [main] org.apache.catalina.startup.HostConfig.deployDescriptor Deploying deployment descriptor [/Users/adityadaharwal/Developer/TEST_PROJECT/src/week6/day3/JSP_EXAMPLE/src/main/webpages/conf/Catalina/localhost/app.xml]
12-Feb-2026 15:00:40.671 INFO [main] org.apache.catalina.startup.HostConfig.deployDescriptor Deployment of deployment descriptor [/Users/adityadaharwal/Developer/TEST_PROJECT/src/week6/day3/JSP_EXAMPLE/src/main/webpages/conf/Catalina/localhost/app.xml] has finished in [694] ms
12-Feb-2026 15:00:40.677 INFO [main] org.apache.coyote.AbstractProtocol.start Starting ProtocolHandler ["http-nio-8080"]
12-Feb-2026 15:00:40.718 INFO [main] org.apache.catalina.startup.Catalina.start Server startup in [804] milliseconds
12-Feb-2026 15:42:28.987 INFO [Thread-1] org.apache.coyote.AbstractProtocol.pause Pausing ProtocolHandler ["http-nio-8080"]
12-Feb-2026 15:42:28.996 INFO [Thread-1] org.apache.catalina.core.StandardService.stopInternal Stopping service [Catalina]
12-Feb-2026 15:42:29.013 INFO [Thread-1] org.apache.coyote.AbstractProtocol.stop Stopping ProtocolHandler ["http-nio-8080"]
12-Feb-2026 15:42:29.023 INFO [Thread-1] org.apache.coyote.AbstractProtocol.destroy Destroying ProtocolHandler ["http-nio-8080"]
12-Feb-2026 15:44:37.247 INFO [main] org.apache.catalina.startup.VersionLoggerListener.log Server version name:   Apache Tomcat/10.1.52
12-Feb-2026 15:44:37.250 INFO [main] org.apache.catalina.startup.VersionLoggerListener.log Server built:          Jan 23 2026 19:29:07 UTC
12-Feb-2026 15:44:37.250 INFO [main] org.apache.catalina.startup.VersionLoggerListener.log Server version number: 10.1.52.0
12-Feb-2026 15:44:37.250 INFO [main] org.apache.catalina.startup.VersionLoggerListener.log OS Name:               Mac OS X
12-Feb-2026 15:44:37.250 INFO [main] org.apache.catalina.startup.VersionLoggerListener.log OS Version:            26.2
12-Feb-2026 15:44:37.251 INFO [main] org.apache.catalina.startup.VersionLoggerListener.log Architecture:          aarch64
12-Feb-2026 15:44:37.251 INFO [main] org.apache.catalina.startup.VersionLoggerListener.log Java Home:             /opt/homebrew/Cellar/openjdk/25.0.1/libexec/openjdk.jdk/Contents/Home
12-Feb-2026 15:44:37.251 INFO [main] org.apache.catalina.startup.VersionLoggerListener.log JVM Version:           25.0.1
12-Feb-2026 15:44:37.251 INFO [main] org.apache.catalina.startup.VersionLoggerListener.log JVM Vendor:            Homebrew
12-Feb-2026 15:44:37.251 INFO [main] org.apache.catalina.startup.VersionLoggerListener.log CATALINA_BASE:         /Users/adityadaharwal/Developer/TEST_PROJECT/src/week6/day3/JSP_EXAMPLE/src/main/webpages
12-Feb-2026 15:44:37.252 INFO [main] org.apache.catalina.startup.VersionLoggerListener.log CATALINA_HOME:         /Users/adityadaharwal/Developer/TEST_PROJECT/src/week6/apache-tomcat-10.1.52
12-Feb-2026 15:44:37.264 INFO [main] org.apache.catalina.startup.VersionLoggerListener.log Command line argument: --add-opens=java.base/java.lang=ALL-UNNAMED
12-Feb-2026 15:44:37.265 INFO [main] org.apache.catalina.startup.VersionLoggerListener.log Command line argument: --add-opens=java.base/java.io=ALL-UNNAMED
12-Feb-2026 15:44:37.265 INFO [main] org.apache.catalina.startup.VersionLoggerListener.log Command line argument: --add-opens=java.base/java.util=ALL-UNNAMED
12-Feb-2026 15:44:37.265 INFO [main] org.apache.catalina.startup.VersionLoggerListener.log Command line argument: --add-opens=java.base/java.util.concurrent=ALL-UNNAMED
12-Feb-2026 15:44:37.265 INFO [main] org.apache.catalina.startup.VersionLoggerListener.log Command line argument: --add-opens=java.rmi/sun.rmi.transport=ALL-UNNAMED
12-Feb-2026 15:44:37.265 INFO [main] org.apache.catalina.startup.VersionLoggerListener.log Command line argument: -Dcatalina.home=/Users/adityadaharwal/Developer/TEST_PROJECT/src/week6/apache-tomcat-10.1.52
12-Feb-2026 15:44:37.265 INFO [main] org.apache.catalina.startup.VersionLoggerListener.log Command line argument: -Dcatalina.base=/Users/adityadaharwal/Developer/TEST_PROJECT/src/week6/day3/JSP_EXAMPLE/src/main/webpages
12-Feb-2026 15:44:37.265 INFO [main] org.apache.catalina.startup.VersionLoggerListener.log Command line argument: -Djava.io.tmpdir=/Users/adityadaharwal/Developer/TEST_PROJECT/src/week6/day3/JSP_EXAMPLE/src/main/webpages/temp
12-Feb-2026 15:44:37.265 INFO [main] org.apache.catalina.startup.VersionLoggerListener.log Command line argument: -Djava.util.logging.config.file=/Users/adityadaharwal/Developer/TEST_PROJECT/src/week6/day3/JSP_EXAMPLE/src/main/webpages/conf/logging.properties
12-Feb-2026 15:44:37.266 INFO [main] org.apache.catalina.startup.VersionLoggerListener.log Command line argument: -Djava.util.logging.manager=org.apache.juli.ClassLoaderLogManager
12-Feb-2026 15:44:37.266 INFO [main] org.apache.catalina.startup.VersionLoggerListener.log Command line argument: -javaagent:/Applications/IntelliJ IDEA.app/Contents/lib/idea_rt.jar=64290
12-Feb-2026 15:44:37.266 INFO [main] org.apache.catalina.startup.VersionLoggerListener.log Command line argument: -Dfile.encoding=UTF-8
12-Feb-2026 15:44:37.266 INFO [main] org.apache.catalina.startup.VersionLoggerListener.log Command line argument: -Dsun.stdout.encoding=UTF-8
12-Feb-2026 15:44:37.266 INFO [main] org.apache.catalina.startup.VersionLoggerListener.log Command line argument: -Dsun.stderr.encoding=UTF-8
12-Feb-2026 15:44:37.282 INFO [main] org.apache.catalina.core.AprLifecycleListener.lifecycleEvent The Apache Tomcat Native library which allows using OpenSSL was not found on the java.library.path: [/Users/adityadaharwal/Library/Java/Extensions:/Library/Java/Extensions:/Network/Library/Java/Extensions:/System/Library/Java/Extensions:/usr/lib/java:.]
12-Feb-2026 15:44:37.601 INFO [main] org.apache.coyote.AbstractProtocol.init Initializing ProtocolHandler ["http-nio-8080"]
12-Feb-2026 15:44:37.619 INFO [main] org.apache.catalina.startup.Catalina.load Server initialization in [552] milliseconds
12-Feb-2026 15:44:37.655 INFO [main] org.apache.catalina.core.StandardService.startInternal Starting service [Catalina]
12-Feb-2026 15:44:37.655 INFO [main] org.apache.catalina.core.StandardEngine.startInternal Starting Servlet engine: [Apache Tomcat/10.1.52]
12-Feb-2026 15:44:37.662 INFO [main] org.apache.catalina.startup.HostConfig.deployDescriptor Deploying deployment descriptor [/Users/adityadaharwal/Developer/TEST_PROJECT/src/week6/day3/JSP_EXAMPLE/src/main/webpages/conf/Catalina/localhost/app.xml]
12-Feb-2026 15:44:37.940 INFO [main] org.apache.catalina.startup.HostConfig.deployDescriptor Deployment of deployment descriptor [/Users/adityadaharwal/Developer/TEST_PROJECT/src/week6/day3/JSP_EXAMPLE/src/main/webpages/conf/Catalina/localhost/app.xml] has finished in [274] ms
12-Feb-2026 15:44:37.942 INFO [main] org.apache.coyote.AbstractProtocol.start Starting ProtocolHandler ["http-nio-8080"]
12-Feb-2026 15:44:37.963 INFO [main] org.apache.catalina.startup.Catalina.start Server startup in [342] milliseconds
12-Feb-2026 15:47:17.612 INFO [Thread-1] org.apache.coyote.AbstractProtocol.pause Pausing ProtocolHandler ["http-nio-8080"]
12-Feb-2026 15:47:17.630 INFO [Thread-1] org.apache.catalina.core.StandardService.stopInternal Stopping service [Catalina]
12-Feb-2026 15:47:17.660 INFO [Thread-1] org.apache.coyote.AbstractProtocol.stop Stopping ProtocolHandler ["http-nio-8080"]
12-Feb-2026 15:47:17.687 INFO [Thread-1] org.apache.coyote.AbstractProtocol.destroy Destroying ProtocolHandler ["http-nio-8080"]
12-Feb-2026 15:47:20.455 INFO [main] org.apache.catalina.startup.VersionLoggerListener.log Server version name:   Apache Tomcat/10.1.52
12-Feb-2026 15:47:20.459 INFO [main] org.apache.catalina.startup.VersionLoggerListener.log Server built:          Jan 23 2026 19:29:07 UTC
12-Feb-2026 15:47:20.459 INFO [main] org.apache.catalina.startup.VersionLoggerListener.log Server version number: 10.1.52.0
12-Feb-2026 15:47:20.460 INFO [main] org.apache.catalina.startup.VersionLoggerListener.log OS Name:               Mac OS X
12-Feb-2026 15:47:20.460 INFO [main] org.apache.catalina.startup.VersionLoggerListener.log OS Version:            26.2
12-Feb-2026 15:47:20.460 INFO [main] org.apache.catalina.startup.VersionLoggerListener.log Architecture:          aarch64
12-Feb-2026 15:47:20.460 INFO [main] org.apache.catalina.startup.VersionLoggerListener.log Java Home:             /opt/homebrew/Cellar/openjdk/25.0.1/libexec/openjdk.jdk/Contents/Home
12-Feb-2026 15:47:20.460 INFO [main] org.apache.catalina.startup.VersionLoggerListener.log JVM Version:           25.0.1
12-Feb-2026 15:47:20.460 INFO [main] org.apache.catalina.startup.VersionLoggerListener.log JVM Vendor:            Homebrew
12-Feb-2026 15:47:20.461 INFO [main] org.apache.catalina.startup.VersionLoggerListener.log CATALINA_BASE:         /Users/adityadaharwal/Developer/TEST_PROJECT/src/week6/day3/JSP_EXAMPLE/src/main/webpages
12-Feb-2026 15:47:20.461 INFO [main] org.apache.catalina.startup.VersionLoggerListener.log CATALINA_HOME:         /Users/adityadaharwal/Developer/TEST_PROJECT/src/week6/apache-tomcat-10.1.52
12-Feb-2026 15:47:20.482 INFO [main] org.apache.catalina.startup.VersionLoggerListener.log Command line argument: --add-opens=java.base/java.lang=ALL-UNNAMED
12-Feb-2026 15:47:20.482 INFO [main] org.apache.catalina.startup.VersionLoggerListener.log Command line argument: --add-opens=java.base/java.io=ALL-UNNAMED
12-Feb-2026 15:47:20.482 INFO [main] org.apache.catalina.startup.VersionLoggerListener.log Command line argument: --add-opens=java.base/java.util=ALL-UNNAMED
12-Feb-2026 15:47:20.482 INFO [main] org.apache.catalina.startup.VersionLoggerListener.log Command line argument: --add-opens=java.base/java.util.concurrent=ALL-UNNAMED
12-Feb-2026 15:47:20.483 INFO [main] org.apache.catalina.startup.VersionLoggerListener.log Command line argument: --add-opens=java.rmi/sun.rmi.transport=ALL-UNNAMED
12-Feb-2026 15:47:20.483 INFO [main] org.apache.catalina.startup.VersionLoggerListener.log Command line argument: -Dcatalina.home=/Users/adityadaharwal/Developer/TEST_PROJECT/src/week6/apache-tomcat-10.1.52
12-Feb-2026 15:47:20.483 INFO [main] org.apache.catalina.startup.VersionLoggerListener.log Command line argument: -Dcatalina.base=/Users/adityadaharwal/Developer/TEST_PROJECT/src/week6/day3/JSP_EXAMPLE/src/main/webpages
12-Feb-2026 15:47:20.483 INFO [main] org.apache.catalina.startup.VersionLoggerListener.log Command line argument: -Djava.io.tmpdir=/Users/adityadaharwal/Developer/TEST_PROJECT/src/week6/day3/JSP_EXAMPLE/src/main/webpages/temp
12-Feb-2026 15:47:20.483 INFO [main] org.apache.catalina.startup.VersionLoggerListener.log Command line argument: -Djava.util.logging.config.file=/Users/adityadaharwal/Developer/TEST_PROJECT/src/week6/day3/JSP_EXAMPLE/src/main/webpages/conf/logging.properties
12-Feb-2026 15:47:20.484 INFO [main] org.apache.catalina.startup.VersionLoggerListener.log Command line argument: -Djava.util.logging.manager=org.apache.juli.ClassLoaderLogManager
12-Feb-2026 15:47:20.484 INFO [main] org.apache.catalina.startup.VersionLoggerListener.log Command line argument: -javaagent:/Applications/IntelliJ IDEA.app/Contents/lib/idea_rt.jar=64299
12-Feb-2026 15:47:20.484 INFO [main] org.apache.catalina.startup.VersionLoggerListener.log Command line argument: -Dfile.encoding=UTF-8
12-Feb-2026 15:47:20.484 INFO [main] org.apache.catalina.startup.VersionLoggerListener.log Command line argument: -Dsun.stdout.encoding=UTF-8
12-Feb-2026 15:47:20.484 INFO [main] org.apache.catalina.startup.VersionLoggerListener.log Command line argument: -Dsun.stderr.encoding=UTF-8
12-Feb-2026 15:47:20.502 INFO [main] org.apache.catalina.core.AprLifecycleListener.lifecycleEvent The Apache Tomcat Native library which allows using OpenSSL was not found on the java.library.path: [/Users/adityadaharwal/Library/Java/Extensions:/Library/Java/Extensions:/Network/Library/Java/Extensions:/System/Library/Java/Extensions:/usr/lib/java:.]
12-Feb-2026 15:47:20.903 INFO [main] org.apache.coyote.AbstractProtocol.init Initializing ProtocolHandler ["http-nio-8080"]
12-Feb-2026 15:47:20.925 INFO [main] org.apache.catalina.startup.Catalina.load Server initialization in [780] milliseconds
12-Feb-2026 15:47:20.975 INFO [main] org.apache.catalina.core.StandardService.startInternal Starting service [Catalina]
12-Feb-2026 15:47:20.975 INFO [main] org.apache.catalina.core.StandardEngine.startInternal Starting Servlet engine: [Apache Tomcat/10.1.52]
12-Feb-2026 15:47:20.984 INFO [main] org.apache.catalina.startup.HostConfig.deployDescriptor Deploying deployment descriptor [/Users/adityadaharwal/Developer/TEST_PROJECT/src/week6/day3/JSP_EXAMPLE/src/main/webpages/conf/Catalina/localhost/app.xml]
12-Feb-2026 15:47:21.318 INFO [main] org.apache.catalina.startup.HostConfig.deployDescriptor Deployment of deployment descriptor [/Users/adityadaharwal/Developer/TEST_PROJECT/src/week6/day3/JSP_EXAMPLE/src/main/webpages/conf/Catalina/localhost/app.xml] has finished in [331] ms
12-Feb-2026 15:47:21.326 INFO [main] org.apache.coyote.AbstractProtocol.start Starting ProtocolHandler ["http-nio-8080"]
12-Feb-2026 15:47:21.372 INFO [main] org.apache.catalina.startup.Catalina.start Server startup in [444] milliseconds
12-Feb-2026 15:48:24.970 INFO [Thread-1] org.apache.coyote.AbstractProtocol.pause Pausing ProtocolHandler ["http-nio-8080"]
12-Feb-2026 15:48:24.978 INFO [Thread-1] org.apache.catalina.core.StandardService.stopInternal Stopping service [Catalina]
12-Feb-2026 15:48:24.994 INFO [Thread-1] org.apache.coyote.AbstractProtocol.stop Stopping ProtocolHandler ["http-nio-8080"]
12-Feb-2026 15:48:25.008 INFO [Thread-1] org.apache.coyote.AbstractProtocol.destroy Destroying ProtocolHandler ["http-nio-8080"]
12-Feb-2026 15:48:26.209 INFO [main] org.apache.catalina.startup.VersionLoggerListener.log Server version name:   Apache Tomcat/10.1.52
12-Feb-2026 15:48:26.212 INFO [main] org.apache.catalina.startup.VersionLoggerListener.log Server built:          Jan 23 2026 19:29:07 UTC
12-Feb-2026 15:48:26.212 INFO [main] org.apache.catalina.startup.VersionLoggerListener.log Server version number: 10.1.52.0
12-Feb-2026 15:48:26.212 INFO [main] org.apache.catalina.startup.VersionLoggerListener.log OS Name:               Mac OS X
12-Feb-2026 15:48:26.213 INFO [main] org.apache.catalina.startup.VersionLoggerListener.log OS Version:            26.2
12-Feb-2026 15:48:26.213 INFO [main] org.apache.catalina.startup.VersionLoggerListener.log Architecture:          aarch64
12-Feb-2026 15:48:26.213 INFO [main] org.apache.catalina.startup.VersionLoggerListener.log Java Home:             /opt/homebrew/Cellar/openjdk/25.0.1/libexec/openjdk.jdk/Contents/Home
12-Feb-2026 15:48:26.213 INFO [main] org.apache.catalina.startup.VersionLoggerListener.log JVM Version:           25.0.1
12-Feb-2026 15:48:26.213 INFO [main] org.apache.catalina.startup.VersionLoggerListener.log JVM Vendor:            Homebrew
12-Feb-2026 15:48:26.213 INFO [main] org.apache.catalina.startup.VersionLoggerListener.log CATALINA_BASE:         /Users/adityadaharwal/Developer/TEST_PROJECT/src/week6/day3/JSP_EXAMPLE/src/main/webpages
12-Feb-2026 15:48:26.214 INFO [main] org.apache.catalina.startup.VersionLoggerListener.log CATALINA_HOME:         /Users/adityadaharwal/Developer/TEST_PROJECT/src/week6/apache-tomcat-10.1.52
12-Feb-2026 15:48:26.227 INFO [main] org.apache.catalina.startup.VersionLoggerListener.log Command line argument: --add-opens=java.base/java.lang=ALL-UNNAMED
12-Feb-2026 15:48:26.227 INFO [main] org.apache.catalina.startup.VersionLoggerListener.log Command line argument: --add-opens=java.base/java.io=ALL-UNNAMED
12-Feb-2026 15:48:26.227 INFO [main] org.apache.catalina.startup.VersionLoggerListener.log Command line argument: --add-opens=java.base/java.util=ALL-UNNAMED
12-Feb-2026 15:48:26.227 INFO [main] org.apache.catalina.startup.VersionLoggerListener.log Command line argument: --add-opens=java.base/java.util.concurrent=ALL-UNNAMED
12-Feb-2026 15:48:26.227 INFO [main] org.apache.catalina.startup.VersionLoggerListener.log Command line argument: --add-opens=java.rmi/sun.rmi.transport=ALL-UNNAMED
12-Feb-2026 15:48:26.227 INFO [main] org.apache.catalina.startup.VersionLoggerListener.log Command line argument: -Dcatalina.home=/Users/adityadaharwal/Developer/TEST_PROJECT/src/week6/apache-tomcat-10.1.52
12-Feb-2026 15:48:26.227 INFO [main] org.apache.catalina.startup.VersionLoggerListener.log Command line argument: -Dcatalina.base=/Users/adityadaharwal/Developer/TEST_PROJECT/src/week6/day3/JSP_EXAMPLE/src/main/webpages
12-Feb-2026 15:48:26.227 INFO [main] org.apache.catalina.startup.VersionLoggerListener.log Command line argument: -Djava.io.tmpdir=/Users/adityadaharwal/Developer/TEST_PROJECT/src/week6/day3/JSP_EXAMPLE/src/main/webpages/temp
12-Feb-2026 15:48:26.227 INFO [main] org.apache.catalina.startup.VersionLoggerListener.log Command line argument: -Djava.util.logging.config.file=/Users/adityadaharwal/Developer/TEST_PROJECT/src/week6/day3/JSP_EXAMPLE/src/main/webpages/conf/logging.properties
12-Feb-2026 15:48:26.227 INFO [main] org.apache.catalina.startup.VersionLoggerListener.log Command line argument: -Djava.util.logging.manager=org.apache.juli.ClassLoaderLogManager
12-Feb-2026 15:48:26.228 INFO [main] org.apache.catalina.startup.VersionLoggerListener.log Command line argument: -javaagent:/Applications/IntelliJ IDEA.app/Contents/lib/idea_rt.jar=64305
12-Feb-2026 15:48:26.228 INFO [main] org.apache.catalina.startup.VersionLoggerListener.log Command line argument: -Dfile.encoding=UTF-8
12-Feb-2026 15:48:26.228 INFO [main] org.apache.catalina.startup.VersionLoggerListener.log Command line argument: -Dsun.stdout.encoding=UTF-8
12-Feb-2026 15:48:26.228 INFO [main] org.apache.catalina.startup.VersionLoggerListener.log Command line argument: -Dsun.stderr.encoding=UTF-8
12-Feb-2026 15:48:26.239 INFO [main] org.apache.catalina.core.AprLifecycleListener.lifecycleEvent The Apache Tomcat Native library which allows using OpenSSL was not found on the java.library.path: [/Users/adityadaharwal/Library/Java/Extensions:/Library/Java/Extensions:/Network/Library/Java/Extensions:/System/Library/Java/Extensions:/usr/lib/java:.]
12-Feb-2026 15:48:26.595 INFO [main] org.apache.coyote.AbstractProtocol.init Initializing ProtocolHandler ["http-nio-8080"]
12-Feb-2026 15:48:26.627 INFO [main] org.apache.catalina.startup.Catalina.load Server initialization in [575] milliseconds
12-Feb-2026 15:48:26.674 INFO [main] org.apache.catalina.core.StandardService.startInternal Starting service [Catalina]
12-Feb-2026 15:48:26.674 INFO [main] org.apache.catalina.core.StandardEngine.startInternal Starting Servlet engine: [Apache Tomcat/10.1.52]
12-Feb-2026 15:48:26.685 INFO [main] org.apache.catalina.startup.HostConfig.deployDescriptor Deploying deployment descriptor [/Users/adityadaharwal/Developer/TEST_PROJECT/src/week6/day3/JSP_EXAMPLE/src/main/webpages/conf/Catalina/localhost/app.xml]
12-Feb-2026 15:48:26.997 INFO [main] org.apache.catalina.startup.HostConfig.deployDescriptor Deployment of deployment descriptor [/Users/adityadaharwal/Developer/TEST_PROJECT/src/week6/day3/JSP_EXAMPLE/src/main/webpages/conf/Catalina/localhost/app.xml] has finished in [309] ms
12-Feb-2026 15:48:27.000 INFO [main] org.apache.coyote.AbstractProtocol.start Starting ProtocolHandler ["http-nio-8080"]
12-Feb-2026 15:48:27.024 INFO [main] org.apache.catalina.startup.Catalina.start Server startup in [394] milliseconds
12-Feb-2026 15:51:34.050 INFO [Thread-1] org.apache.coyote.AbstractProtocol.pause Pausing ProtocolHandler ["http-nio-8080"]
12-Feb-2026 15:51:34.059 INFO [Thread-1] org.apache.catalina.core.StandardService.stopInternal Stopping service [Catalina]
12-Feb-2026 15:51:34.074 INFO [Thread-1] org.apache.coyote.AbstractProtocol.stop Stopping ProtocolHandler ["http-nio-8080"]
12-Feb-2026 15:51:34.086 INFO [Thread-1] org.apache.coyote.AbstractProtocol.destroy Destroying ProtocolHandler ["http-nio-8080"]
12-Feb-2026 15:51:35.185 INFO [main] org.apache.catalina.startup.VersionLoggerListener.log Server version name:   Apache Tomcat/10.1.52
12-Feb-2026 15:51:35.188 INFO [main] org.apache.catalina.startup.VersionLoggerListener.log Server built:          Jan 23 2026 19:29:07 UTC
12-Feb-2026 15:51:35.188 INFO [main] org.apache.catalina.startup.VersionLoggerListener.log Server version number: 10.1.52.0
12-Feb-2026 15:51:35.188 INFO [main] org.apache.catalina.startup.VersionLoggerListener.log OS Name:               Mac OS X
12-Feb-2026 15:51:35.189 INFO [main] org.apache.catalina.startup.VersionLoggerListener.log OS Version:            26.2
12-Feb-2026 15:51:35.189 INFO [main] org.apache.catalina.startup.VersionLoggerListener.log Architecture:          aarch64
12-Feb-2026 15:51:35.189 INFO [main] org.apache.catalina.startup.VersionLoggerListener.log Java Home:             /opt/homebrew/Cellar/openjdk/25.0.1/libexec/openjdk.jdk/Contents/Home
12-Feb-2026 15:51:35.189 INFO [main] org.apache.catalina.startup.VersionLoggerListener.log JVM Version:           25.0.1
12-Feb-2026 15:51:35.189 INFO [main] org.apache.catalina.startup.VersionLoggerListener.log JVM Vendor:            Homebrew
12-Feb-2026 15:51:35.189 INFO [main] org.apache.catalina.startup.VersionLoggerListener.log CATALINA_BASE:         /Users/adityadaharwal/Developer/TEST_PROJECT/src/week6/day3/JSP_EXAMPLE/src/main/webpages
12-Feb-2026 15:51:35.189 INFO [main] org.apache.catalina.startup.VersionLoggerListener.log CATALINA_HOME:         /Users/adityadaharwal/Developer/TEST_PROJECT/src/week6/apache-tomcat-10.1.52
12-Feb-2026 15:51:35.200 INFO [main] org.apache.catalina.startup.VersionLoggerListener.log Command line argument: --add-opens=java.base/java.lang=ALL-UNNAMED
12-Feb-2026 15:51:35.200 INFO [main] org.apache.catalina.startup.VersionLoggerListener.log Command line argument: --add-opens=java.base/java.io=ALL-UNNAMED
12-Feb-2026 15:51:35.200 INFO [main] org.apache.catalina.startup.VersionLoggerListener.log Command line argument: --add-opens=java.base/java.util=ALL-UNNAMED
12-Feb-2026 15:51:35.201 INFO [main] org.apache.catalina.startup.VersionLoggerListener.log Command line argument: --add-opens=java.base/java.util.concurrent=ALL-UNNAMED
12-Feb-2026 15:51:35.201 INFO [main] org.apache.catalina.startup.VersionLoggerListener.log Command line argument: --add-opens=java.rmi/sun.rmi.transport=ALL-UNNAMED
12-Feb-2026 15:51:35.201 INFO [main] org.apache.catalina.startup.VersionLoggerListener.log Command line argument: -Dcatalina.home=/Users/adityadaharwal/Developer/TEST_PROJECT/src/week6/apache-tomcat-10.1.52
12-Feb-2026 15:51:35.201 INFO [main] org.apache.catalina.startup.VersionLoggerListener.log Command line argument: -Dcatalina.base=/Users/adityadaharwal/Developer/TEST_PROJECT/src/week6/day3/JSP_EXAMPLE/src/main/webpages
12-Feb-2026 15:51:35.201 INFO [main] org.apache.catalina.startup.VersionLoggerListener.log Command line argument: -Djava.io.tmpdir=/Users/adityadaharwal/Developer/TEST_PROJECT/src/week6/day3/JSP_EXAMPLE/src/main/webpages/temp
12-Feb-2026 15:51:35.201 INFO [main] org.apache.catalina.startup.VersionLoggerListener.log Command line argument: -Djava.util.logging.config.file=/Users/adityadaharwal/Developer/TEST_PROJECT/src/week6/day3/JSP_EXAMPLE/src/main/webpages/conf/logging.properties
12-Feb-2026 15:51:35.201 INFO [main] org.apache.catalina.startup.VersionLoggerListener.log Command line argument: -Djava.util.logging.manager=org.apache.juli.ClassLoaderLogManager
12-Feb-2026 15:51:35.201 INFO [main] org.apache.catalina.startup.VersionLoggerListener.log Command line argument: -javaagent:/Applications/IntelliJ IDEA.app/Contents/lib/idea_rt.jar=64316
12-Feb-2026 15:51:35.201 INFO [main] org.apache.catalina.startup.VersionLoggerListener.log Command line argument: -Dfile.encoding=UTF-8
12-Feb-2026 15:51:35.201 INFO [main] org.apache.catalina.startup.VersionLoggerListener.log Command line argument: -Dsun.stdout.encoding=UTF-8
12-Feb-2026 15:51:35.201 INFO [main] org.apache.catalina.startup.VersionLoggerListener.log Command line argument: -Dsun.stderr.encoding=UTF-8
12-Feb-2026 15:51:35.247 INFO [main] org.apache.catalina.core.AprLifecycleListener.lifecycleEvent The Apache Tomcat Native library which allows using OpenSSL was not found on the java.library.path: [/Users/adityadaharwal/Library/Java/Extensions:/Library/Java/Extensions:/Network/Library/Java/Extensions:/System/Library/Java/Extensions:/usr/lib/java:.]
12-Feb-2026 15:51:35.649 INFO [main] org.apache.coyote.AbstractProtocol.init Initializing ProtocolHandler ["http-nio-8080"]
12-Feb-2026 15:51:35.675 INFO [main] org.apache.catalina.startup.Catalina.load Server initialization in [619] milliseconds
12-Feb-2026 15:51:35.735 INFO [main] org.apache.catalina.core.StandardService.startInternal Starting service [Catalina]
12-Feb-2026 15:51:35.735 INFO [main] org.apache.catalina.core.StandardEngine.startInternal Starting Servlet engine: [Apache Tomcat/10.1.52]
12-Feb-2026 15:51:35.749 INFO [main] org.apache.catalina.startup.HostConfig.deployDescriptor Deploying deployment descriptor [/Users/adityadaharwal/Developer/TEST_PROJECT/src/week6/day3/JSP_EXAMPLE/src/main/webpages/conf/Catalina/localhost/app.xml]
12-Feb-2026 15:51:36.254 INFO [main] org.apache.catalina.startup.HostConfig.deployDescriptor Deployment of deployment descriptor [/Users/adityadaharwal/Developer/TEST_PROJECT/src/week6/day3/JSP_EXAMPLE/src/main/webpages/conf/Catalina/localhost/app.xml] has finished in [503] ms
12-Feb-2026 15:51:36.257 INFO [main] org.apache.coyote.AbstractProtocol.start Starting ProtocolHandler ["http-nio-8080"]
12-Feb-2026 15:51:36.283 INFO [main] org.apache.catalina.startup.Catalina.start Server startup in [606] milliseconds
12-Feb-2026 15:53:04.970 INFO [Thread-1] org.apache.coyote.AbstractProtocol.pause Pausing ProtocolHandler ["http-nio-8080"]
12-Feb-2026 15:53:04.986 INFO [Thread-1] org.apache.catalina.core.StandardService.stopInternal Stopping service [Catalina]
12-Feb-2026 15:53:05.008 INFO [Thread-1] org.apache.coyote.AbstractProtocol.stop Stopping ProtocolHandler ["http-nio-8080"]
12-Feb-2026 15:53:05.015 INFO [Thread-1] org.apache.coyote.AbstractProtocol.destroy Destroying ProtocolHandler ["http-nio-8080"]
12-Feb-2026 15:53:06.181 INFO [main] org.apache.catalina.startup.VersionLoggerListener.log Server version name:   Apache Tomcat/10.1.52
12-Feb-2026 15:53:06.185 INFO [main] org.apache.catalina.startup.VersionLoggerListener.log Server built:          Jan 23 2026 19:29:07 UTC
12-Feb-2026 15:53:06.186 INFO [main] org.apache.catalina.startup.VersionLoggerListener.log Server version number: 10.1.52.0
12-Feb-2026 15:53:06.186 INFO [main] org.apache.catalina.startup.VersionLoggerListener.log OS Name:               Mac OS X
12-Feb-2026 15:53:06.186 INFO [main] org.apache.catalina.startup.VersionLoggerListener.log OS Version:            26.2
12-Feb-2026 15:53:06.186 INFO [main] org.apache.catalina.startup.VersionLoggerListener.log Architecture:          aarch64
12-Feb-2026 15:53:06.186 INFO [main] org.apache.catalina.startup.VersionLoggerListener.log Java Home:             /opt/homebrew/Cellar/openjdk/25.0.1/libexec/openjdk.jdk/Contents/Home
12-Feb-2026 15:53:06.186 INFO [main] org.apache.catalina.startup.VersionLoggerListener.log JVM Version:           25.0.1
12-Feb-2026 15:53:06.186 INFO [main] org.apache.catalina.startup.VersionLoggerListener.log JVM Vendor:            Homebrew
12-Feb-2026 15:53:06.186 INFO [main] org.apache.catalina.startup.VersionLoggerListener.log CATALINA_BASE:         /Users/adityadaharwal/Developer/TEST_PROJECT/src/week6/day3/JSP_EXAMPLE/src/main/webpages
12-Feb-2026 15:53:06.186 INFO [main] org.apache.catalina.startup.VersionLoggerListener.log CATALINA_HOME:         /Users/adityadaharwal/Developer/TEST_PROJECT/src/week6/apache-tomcat-10.1.52
12-Feb-2026 15:53:06.196 INFO [main] org.apache.catalina.startup.VersionLoggerListener.log Command line argument: --add-opens=java.base/java.lang=ALL-UNNAMED
12-Feb-2026 15:53:06.196 INFO [main] org.apache.catalina.startup.VersionLoggerListener.log Command line argument: --add-opens=java.base/java.io=ALL-UNNAMED
12-Feb-2026 15:53:06.196 INFO [main] org.apache.catalina.startup.VersionLoggerListener.log Command line argument: --add-opens=java.base/java.util=ALL-UNNAMED
12-Feb-2026 15:53:06.196 INFO [main] org.apache.catalina.startup.VersionLoggerListener.log Command line argument: --add-opens=java.base/java.util.concurrent=ALL-UNNAMED
12-Feb-2026 15:53:06.196 INFO [main] org.apache.catalina.startup.VersionLoggerListener.log Command line argument: --add-opens=java.rmi/sun.rmi.transport=ALL-UNNAMED
12-Feb-2026 15:53:06.196 INFO [main] org.apache.catalina.startup.VersionLoggerListener.log Command line argument: -Dcatalina.home=/Users/adityadaharwal/Developer/TEST_PROJECT/src/week6/apache-tomcat-10.1.52
12-Feb-2026 15:53:06.196 INFO [main] org.apache.catalina.startup.VersionLoggerListener.log Command line argument: -Dcatalina.base=/Users/adityadaharwal/Developer/TEST_PROJECT/src/week6/day3/JSP_EXAMPLE/src/main/webpages
12-Feb-2026 15:53:06.197 INFO [main] org.apache.catalina.startup.VersionLoggerListener.log Command line argument: -Djava.io.tmpdir=/Users/adityadaharwal/Developer/TEST_PROJECT/src/week6/day3/JSP_EXAMPLE/src/main/webpages/temp
12-Feb-2026 15:53:06.197 INFO [main] org.apache.catalina.startup.VersionLoggerListener.log Command line argument: -Djava.util.logging.config.file=/Users/adityadaharwal/Developer/TEST_PROJECT/src/week6/day3/JSP_EXAMPLE/src/main/webpages/conf/logging.properties
12-Feb-2026 15:53:06.197 INFO [main] org.apache.catalina.startup.VersionLoggerListener.log Command line argument: -Djava.util.logging.manager=org.apache.juli.ClassLoaderLogManager
12-Feb-2026 15:53:06.197 INFO [main] org.apache.catalina.startup.VersionLoggerListener.log Command line argument: -javaagent:/Applications/IntelliJ IDEA.app/Contents/lib/idea_rt.jar=64322
12-Feb-2026 15:53:06.197 INFO [main] org.apache.catalina.startup.VersionLoggerListener.log Command line argument: -Dfile.encoding=UTF-8
12-Feb-2026 15:53:06.197 INFO [main] org.apache.catalina.startup.VersionLoggerListener.log Command line argument: -Dsun.stdout.encoding=UTF-8
12-Feb-2026 15:53:06.197 INFO [main] org.apache.catalina.startup.VersionLoggerListener.log Command line argument: -Dsun.stderr.encoding=UTF-8
12-Feb-2026 15:53:06.211 INFO [main] org.apache.catalina.core.AprLifecycleListener.lifecycleEvent The Apache Tomcat Native library which allows using OpenSSL was not found on the java.library.path: [/Users/adityadaharwal/Library/Java/Extensions:/Library/Java/Extensions:/Network/Library/Java/Extensions:/System/Library/Java/Extensions:/usr/lib/java:.]
12-Feb-2026 15:53:06.621 INFO [main] org.apache.coyote.AbstractProtocol.init Initializing ProtocolHandler ["http-nio-8080"]
12-Feb-2026 15:53:06.643 INFO [main] org.apache.catalina.startup.Catalina.load Server initialization in [624] milliseconds
12-Feb-2026 15:53:06.681 INFO [main] org.apache.catalina.core.StandardService.startInternal Starting service [Catalina]
12-Feb-2026 15:53:06.681 INFO [main] org.apache.catalina.core.StandardEngine.startInternal Starting Servlet engine: [Apache Tomcat/10.1.52]
12-Feb-2026 15:53:06.689 INFO [main] org.apache.catalina.startup.HostConfig.deployDescriptor Deploying deployment descriptor [/Users/adityadaharwal/Developer/TEST_PROJECT/src/week6/day3/JSP_EXAMPLE/src/main/webpages/conf/Catalina/localhost/app.xml]
12-Feb-2026 15:53:06.944 INFO [main] org.apache.catalina.startup.HostConfig.deployDescriptor Deployment of deployment descriptor [/Users/adityadaharwal/Developer/TEST_PROJECT/src/week6/day3/JSP_EXAMPLE/src/main/webpages/conf/Catalina/localhost/app.xml] has finished in [253] ms
12-Feb-2026 15:53:06.947 INFO [main] org.apache.coyote.AbstractProtocol.start Starting ProtocolHandler ["http-nio-8080"]
12-Feb-2026 15:53:06.965 INFO [main] org.apache.catalina.startup.Catalina.start Server startup in [320] milliseconds
12-Feb-2026 15:54:26.546 INFO [Thread-1] org.apache.coyote.AbstractProtocol.pause Pausing ProtocolHandler ["http-nio-8080"]
12-Feb-2026 15:54:26.554 INFO [Thread-1] org.apache.catalina.core.StandardService.stopInternal Stopping service [Catalina]
12-Feb-2026 15:54:26.573 INFO [Thread-1] org.apache.coyote.AbstractProtocol.stop Stopping ProtocolHandler ["http-nio-8080"]
12-Feb-2026 15:54:26.582 INFO [Thread-1] org.apache.coyote.AbstractProtocol.destroy Destroying ProtocolHandler ["http-nio-8080"]
12-Feb-2026 15:54:27.650 INFO [main] org.apache.catalina.startup.VersionLoggerListener.log Server version name:   Apache Tomcat/10.1.52
12-Feb-2026 15:54:27.652 INFO [main] org.apache.catalina.startup.VersionLoggerListener.log Server built:          Jan 23 2026 19:29:07 UTC
12-Feb-2026 15:54:27.653 INFO [main] org.apache.catalina.startup.VersionLoggerListener.log Server version number: 10.1.52.0
12-Feb-2026 15:54:27.653 INFO [main] org.apache.catalina.startup.VersionLoggerListener.log OS Name:               Mac OS X
12-Feb-2026 15:54:27.653 INFO [main] org.apache.catalina.startup.VersionLoggerListener.log OS Version:            26.2
12-Feb-2026 15:54:27.653 INFO [main] org.apache.catalina.startup.VersionLoggerListener.log Architecture:          aarch64
12-Feb-2026 15:54:27.653 INFO [main] org.apache.catalina.startup.VersionLoggerListener.log Java Home:             /opt/homebrew/Cellar/openjdk/25.0.1/libexec/openjdk.jdk/Contents/Home
12-Feb-2026 15:54:27.653 INFO [main] org.apache.catalina.startup.VersionLoggerListener.log JVM Version:           25.0.1
12-Feb-2026 15:54:27.653 INFO [main] org.apache.catalina.startup.VersionLoggerListener.log JVM Vendor:            Homebrew
12-Feb-2026 15:54:27.653 INFO [main] org.apache.catalina.startup.VersionLoggerListener.log CATALINA_BASE:         /Users/adityadaharwal/Developer/TEST_PROJECT/src/week6/day3/JSP_EXAMPLE/src/main/webpages
12-Feb-2026 15:54:27.653 INFO [main] org.apache.catalina.startup.VersionLoggerListener.log CATALINA_HOME:         /Users/adityadaharwal/Developer/TEST_PROJECT/src/week6/apache-tomcat-10.1.52
12-Feb-2026 15:54:27.662 INFO [main] org.apache.catalina.startup.VersionLoggerListener.log Command line argument: --add-opens=java.base/java.lang=ALL-UNNAMED
12-Feb-2026 15:54:27.662 INFO [main] org.apache.catalina.startup.VersionLoggerListener.log Command line argument: --add-opens=java.base/java.io=ALL-UNNAMED
12-Feb-2026 15:54:27.662 INFO [main] org.apache.catalina.startup.VersionLoggerListener.log Command line argument: --add-opens=java.base/java.util=ALL-UNNAMED
12-Feb-2026 15:54:27.662 INFO [main] org.apache.catalina.startup.VersionLoggerListener.log Command line argument: --add-opens=java.base/java.util.concurrent=ALL-UNNAMED
12-Feb-2026 15:54:27.662 INFO [main] org.apache.catalina.startup.VersionLoggerListener.log Command line argument: --add-opens=java.rmi/sun.rmi.transport=ALL-UNNAMED
12-Feb-2026 15:54:27.663 INFO [main] org.apache.catalina.startup.VersionLoggerListener.log Command line argument: -Dcatalina.home=/Users/adityadaharwal/Developer/TEST_PROJECT/src/week6/apache-tomcat-10.1.52
12-Feb-2026 15:54:27.663 INFO [main] org.apache.catalina.startup.VersionLoggerListener.log Command line argument: -Dcatalina.base=/Users/adityadaharwal/Developer/TEST_PROJECT/src/week6/day3/JSP_EXAMPLE/src/main/webpages
12-Feb-2026 15:54:27.663 INFO [main] org.apache.catalina.startup.VersionLoggerListener.log Command line argument: -Djava.io.tmpdir=/Users/adityadaharwal/Developer/TEST_PROJECT/src/week6/day3/JSP_EXAMPLE/src/main/webpages/temp
12-Feb-2026 15:54:27.663 INFO [main] org.apache.catalina.startup.VersionLoggerListener.log Command line argument: -Djava.util.logging.config.file=/Users/adityadaharwal/Developer/TEST_PROJECT/src/week6/day3/JSP_EXAMPLE/src/main/webpages/conf/logging.properties
12-Feb-2026 15:54:27.663 INFO [main] org.apache.catalina.startup.VersionLoggerListener.log Command line argument: -Djava.util.logging.manager=org.apache.juli.ClassLoaderLogManager
12-Feb-2026 15:54:27.663 INFO [main] org.apache.catalina.startup.VersionLoggerListener.log Command line argument: -javaagent:/Applications/IntelliJ IDEA.app/Contents/lib/idea_rt.jar=64328
12-Feb-2026 15:54:27.663 INFO [main] org.apache.catalina.startup.VersionLoggerListener.log Command line argument: -Dfile.encoding=UTF-8
12-Feb-2026 15:54:27.663 INFO [main] org.apache.catalina.startup.VersionLoggerListener.log Command line argument: -Dsun.stdout.encoding=UTF-8
12-Feb-2026 15:54:27.663 INFO [main] org.apache.catalina.startup.VersionLoggerListener.log Command line argument: -Dsun.stderr.encoding=UTF-8
12-Feb-2026 15:54:27.673 INFO [main] org.apache.catalina.core.AprLifecycleListener.lifecycleEvent The Apache Tomcat Native library which allows using OpenSSL was not found on the java.library.path: [/Users/adityadaharwal/Library/Java/Extensions:/Library/Java/Extensions:/Network/Library/Java/Extensions:/System/Library/Java/Extensions:/usr/lib/java:.]
12-Feb-2026 15:54:27.959 INFO [main] org.apache.coyote.AbstractProtocol.init Initializing ProtocolHandler ["http-nio-8080"]
12-Feb-2026 15:54:27.982 INFO [main] org.apache.catalina.startup.Catalina.load Server initialization in [479] milliseconds
12-Feb-2026 15:54:28.021 INFO [main] org.apache.catalina.core.StandardService.startInternal Starting service [Catalina]
12-Feb-2026 15:54:28.021 INFO [main] org.apache.catalina.core.StandardEngine.startInternal Starting Servlet engine: [Apache Tomcat/10.1.52]
12-Feb-2026 15:54:28.030 INFO [main] org.apache.catalina.startup.HostConfig.deployDescriptor Deploying deployment descriptor [/Users/adityadaharwal/Developer/TEST_PROJECT/src/week6/day3/JSP_EXAMPLE/src/main/webpages/conf/Catalina/localhost/app.xml]
12-Feb-2026 15:54:28.328 INFO [main] org.apache.catalina.startup.HostConfig.deployDescriptor Deployment of deployment descriptor [/Users/adityadaharwal/Developer/TEST_PROJECT/src/week6/day3/JSP_EXAMPLE/src/main/webpages/conf/Catalina/localhost/app.xml] has finished in [296] ms
12-Feb-2026 15:54:28.330 INFO [main] org.apache.coyote.AbstractProtocol.start Starting ProtocolHandler ["http-nio-8080"]
12-Feb-2026 15:54:28.349 INFO [main] org.apache.catalina.startup.Catalina.start Server startup in [365] milliseconds
12-Feb-2026 16:00:26.018 INFO [Thread-1] org.apache.coyote.AbstractProtocol.pause Pausing ProtocolHandler ["http-nio-8080"]
12-Feb-2026 16:00:26.026 INFO [Thread-1] org.apache.catalina.core.StandardService.stopInternal Stopping service [Catalina]
12-Feb-2026 16:00:26.039 INFO [Thread-1] org.apache.coyote.AbstractProtocol.stop Stopping ProtocolHandler ["http-nio-8080"]
12-Feb-2026 16:00:26.052 INFO [Thread-1] org.apache.coyote.AbstractProtocol.destroy Destroying ProtocolHandler ["http-nio-8080"]
12-Feb-2026 16:01:01.306 INFO [main] org.apache.catalina.startup.VersionLoggerListener.log Server version name:   Apache Tomcat/10.1.52
12-Feb-2026 16:01:01.311 INFO [main] org.apache.catalina.startup.VersionLoggerListener.log Server built:          Jan 23 2026 19:29:07 UTC
12-Feb-2026 16:01:01.311 INFO [main] org.apache.catalina.startup.VersionLoggerListener.log Server version number: 10.1.52.0
12-Feb-2026 16:01:01.311 INFO [main] org.apache.catalina.startup.VersionLoggerListener.log OS Name:               Mac OS X
12-Feb-2026 16:01:01.311 INFO [main] org.apache.catalina.startup.VersionLoggerListener.log OS Version:            26.2
12-Feb-2026 16:01:01.311 INFO [main] org.apache.catalina.startup.VersionLoggerListener.log Architecture:          aarch64
12-Feb-2026 16:01:01.312 INFO [main] org.apache.catalina.startup.VersionLoggerListener.log Java Home:             /opt/homebrew/Cellar/openjdk/25.0.1/libexec/openjdk.jdk/Contents/Home
12-Feb-2026 16:01:01.312 INFO [main] org.apache.catalina.startup.VersionLoggerListener.log JVM Version:           25.0.1
12-Feb-2026 16:01:01.312 INFO [main] org.apache.catalina.startup.VersionLoggerListener.log JVM Vendor:            Homebrew
12-Feb-2026 16:01:01.312 INFO [main] org.apache.catalina.startup.VersionLoggerListener.log CATALINA_BASE:         /Users/adityadaharwal/Developer/TEST_PROJECT/src/week6/day3/JSP_EXAMPLE/src/main/webpages
12-Feb-2026 16:01:01.312 INFO [main] org.apache.catalina.startup.VersionLoggerListener.log CATALINA_HOME:         /Users/adityadaharwal/Developer/TEST_PROJECT/src/week6/apache-tomcat-10.1.52
12-Feb-2026 16:01:01.331 INFO [main] org.apache.catalina.startup.VersionLoggerListener.log Command line argument: --add-opens=java.base/java.lang=ALL-UNNAMED
12-Feb-2026 16:01:01.331 INFO [main] org.apache.catalina.startup.VersionLoggerListener.log Command line argument: --add-opens=java.base/java.io=ALL-UNNAMED
12-Feb-2026 16:01:01.332 INFO [main] org.apache.catalina.startup.VersionLoggerListener.log Command line argument: --add-opens=java.base/java.util=ALL-UNNAMED
12-Feb-2026 16:01:01.332 INFO [main] org.apache.catalina.startup.VersionLoggerListener.log Command line argument: --add-opens=java.base/java.util.concurrent=ALL-UNNAMED
12-Feb-2026 16:01:01.332 INFO [main] org.apache.catalina.startup.VersionLoggerListener.log Command line argument: --add-opens=java.rmi/sun.rmi.transport=ALL-UNNAMED
12-Feb-2026 16:01:01.332 INFO [main] org.apache.catalina.startup.VersionLoggerListener.log Command line argument: -Dcatalina.home=/Users/adityadaharwal/Developer/TEST_PROJECT/src/week6/apache-tomcat-10.1.52
12-Feb-2026 16:01:01.332 INFO [main] org.apache.catalina.startup.VersionLoggerListener.log Command line argument: -Dcatalina.base=/Users/adityadaharwal/Developer/TEST_PROJECT/src/week6/day3/JSP_EXAMPLE/src/main/webpages
12-Feb-2026 16:01:01.332 INFO [main] org.apache.catalina.startup.VersionLoggerListener.log Command line argument: -Djava.io.tmpdir=/Users/adityadaharwal/Developer/TEST_PROJECT/src/week6/day3/JSP_EXAMPLE/src/main/webpages/temp
12-Feb-2026 16:01:01.333 INFO [main] org.apache.catalina.startup.VersionLoggerListener.log Command line argument: -Djava.util.logging.config.file=/Users/adityadaharwal/Developer/TEST_PROJECT/src/week6/day3/JSP_EXAMPLE/src/main/webpages/conf/logging.properties
12-Feb-2026 16:01:01.333 INFO [main] org.apache.catalina.startup.VersionLoggerListener.log Command line argument: -Djava.util.logging.manager=org.apache.juli.ClassLoaderLogManager
12-Feb-2026 16:01:01.333 INFO [main] org.apache.catalina.startup.VersionLoggerListener.log Command line argument: -javaagent:/Applications/IntelliJ IDEA.app/Contents/lib/idea_rt.jar=64343
12-Feb-2026 16:01:01.333 INFO [main] org.apache.catalina.startup.VersionLoggerListener.log Command line argument: -Dfile.encoding=UTF-8
12-Feb-2026 16:01:01.333 INFO [main] org.apache.catalina.startup.VersionLoggerListener.log Command line argument: -Dsun.stdout.encoding=UTF-8
12-Feb-2026 16:01:01.333 INFO [main] org.apache.catalina.startup.VersionLoggerListener.log Command line argument: -Dsun.stderr.encoding=UTF-8
12-Feb-2026 16:01:01.358 INFO [main] org.apache.catalina.core.AprLifecycleListener.lifecycleEvent The Apache Tomcat Native library which allows using OpenSSL was not found on the java.library.path: [/Users/adityadaharwal/Library/Java/Extensions:/Library/Java/Extensions:/Network/Library/Java/Extensions:/System/Library/Java/Extensions:/usr/lib/java:.]
12-Feb-2026 16:01:01.766 INFO [main] org.apache.coyote.AbstractProtocol.init Initializing ProtocolHandler ["http-nio-8080"]
12-Feb-2026 16:01:01.782 INFO [main] org.apache.catalina.startup.Catalina.load Server initialization in [676] milliseconds
12-Feb-2026 16:01:01.816 INFO [main] org.apache.catalina.core.StandardService.startInternal Starting service [Catalina]
12-Feb-2026 16:01:01.817 INFO [main] org.apache.catalina.core.StandardEngine.startInternal Starting Servlet engine: [Apache Tomcat/10.1.52]
12-Feb-2026 16:01:01.824 INFO [main] org.apache.catalina.startup.HostConfig.deployDescriptor Deploying deployment descriptor [/Users/adityadaharwal/Developer/TEST_PROJECT/src/week6/day3/JSP_EXAMPLE/src/main/webpages/conf/Catalina/localhost/app.xml]
12-Feb-2026 16:01:02.102 INFO [main] org.apache.catalina.startup.HostConfig.deployDescriptor Deployment of deployment descriptor [/Users/adityadaharwal/Developer/TEST_PROJECT/src/week6/day3/JSP_EXAMPLE/src/main/webpages/conf/Catalina/localhost/app.xml] has finished in [275] ms
12-Feb-2026 16:01:02.106 INFO [main] org.apache.coyote.AbstractProtocol.start Starting ProtocolHandler ["http-nio-8080"]
12-Feb-2026 16:01:02.137 INFO [main] org.apache.catalina.startup.Catalina.start Server startup in [352] milliseconds
12-Feb-2026 16:03:23.071 INFO [Thread-1] org.apache.coyote.AbstractProtocol.pause Pausing ProtocolHandler ["http-nio-8080"]
12-Feb-2026 16:03:23.080 INFO [Thread-1] org.apache.catalina.core.StandardService.stopInternal Stopping service [Catalina]
12-Feb-2026 16:03:23.092 INFO [Thread-1] org.apache.coyote.AbstractProtocol.stop Stopping ProtocolHandler ["http-nio-8080"]
12-Feb-2026 16:03:23.106 INFO [Thread-1] org.apache.coyote.AbstractProtocol.destroy Destroying ProtocolHandler ["http-nio-8080"]
12-Feb-2026 16:03:25.412 INFO [main] org.apache.catalina.startup.VersionLoggerListener.log Server version name:   Apache Tomcat/10.1.52
12-Feb-2026 16:03:25.414 INFO [main] org.apache.catalina.startup.VersionLoggerListener.log Server built:          Jan 23 2026 19:29:07 UTC
12-Feb-2026 16:03:25.414 INFO [main] org.apache.catalina.startup.VersionLoggerListener.log Server version number: 10.1.52.0
12-Feb-2026 16:03:25.414 INFO [main] org.apache.catalina.startup.VersionLoggerListener.log OS Name:               Mac OS X
12-Feb-2026 16:03:25.415 INFO [main] org.apache.catalina.startup.VersionLoggerListener.log OS Version:            26.2
12-Feb-2026 16:03:25.415 INFO [main] org.apache.catalina.startup.VersionLoggerListener.log Architecture:          aarch64
12-Feb-2026 16:03:25.415 INFO [main] org.apache.catalina.startup.VersionLoggerListener.log Java Home:             /opt/homebrew/Cellar/openjdk/25.0.1/libexec/openjdk.jdk/Contents/Home
12-Feb-2026 16:03:25.415 INFO [main] org.apache.catalina.startup.VersionLoggerListener.log JVM Version:           25.0.1
12-Feb-2026 16:03:25.415 INFO [main] org.apache.catalina.startup.VersionLoggerListener.log JVM Vendor:            Homebrew
12-Feb-2026 16:03:25.415 INFO [main] org.apache.catalina.startup.VersionLoggerListener.log CATALINA_BASE:         /Users/adityadaharwal/Developer/TEST_PROJECT/src/week6/day3/JSP_EXAMPLE/src/main/webpages
12-Feb-2026 16:03:25.415 INFO [main] org.apache.catalina.startup.VersionLoggerListener.log CATALINA_HOME:         /Users/adityadaharwal/Developer/TEST_PROJECT/src/week6/apache-tomcat-10.1.52
12-Feb-2026 16:03:25.429 INFO [main] org.apache.catalina.startup.VersionLoggerListener.log Command line argument: --add-opens=java.base/java.lang=ALL-UNNAMED
12-Feb-2026 16:03:25.429 INFO [main] org.apache.catalina.startup.VersionLoggerListener.log Command line argument: --add-opens=java.base/java.io=ALL-UNNAMED
12-Feb-2026 16:03:25.429 INFO [main] org.apache.catalina.startup.VersionLoggerListener.log Command line argument: --add-opens=java.base/java.util=ALL-UNNAMED
12-Feb-2026 16:03:25.429 INFO [main] org.apache.catalina.startup.VersionLoggerListener.log Command line argument: --add-opens=java.base/java.util.concurrent=ALL-UNNAMED
12-Feb-2026 16:03:25.429 INFO [main] org.apache.catalina.startup.VersionLoggerListener.log Command line argument: --add-opens=java.rmi/sun.rmi.transport=ALL-UNNAMED
12-Feb-2026 16:03:25.429 INFO [main] org.apache.catalina.startup.VersionLoggerListener.log Command line argument: -Dcatalina.home=/Users/adityadaharwal/Developer/TEST_PROJECT/src/week6/apache-tomcat-10.1.52
12-Feb-2026 16:03:25.429 INFO [main] org.apache.catalina.startup.VersionLoggerListener.log Command line argument: -Dcatalina.base=/Users/adityadaharwal/Developer/TEST_PROJECT/src/week6/day3/JSP_EXAMPLE/src/main/webpages
12-Feb-2026 16:03:25.429 INFO [main] org.apache.catalina.startup.VersionLoggerListener.log Command line argument: -Djava.io.tmpdir=/Users/adityadaharwal/Developer/TEST_PROJECT/src/week6/day3/JSP_EXAMPLE/src/main/webpages/temp
12-Feb-2026 16:03:25.429 INFO [main] org.apache.catalina.startup.VersionLoggerListener.log Command line argument: -Djava.util.logging.config.file=/Users/adityadaharwal/Developer/TEST_PROJECT/src/week6/day3/JSP_EXAMPLE/src/main/webpages/conf/logging.properties
12-Feb-2026 16:03:25.430 INFO [main] org.apache.catalina.startup.VersionLoggerListener.log Command line argument: -Djava.util.logging.manager=org.apache.juli.ClassLoaderLogManager
12-Feb-2026 16:03:25.430 INFO [main] org.apache.catalina.startup.VersionLoggerListener.log Command line argument: -javaagent:/Applications/IntelliJ IDEA.app/Contents/lib/idea_rt.jar=64353
12-Feb-2026 16:03:25.430 INFO [main] org.apache.catalina.startup.VersionLoggerListener.log Command line argument: -Dfile.encoding=UTF-8
12-Feb-2026 16:03:25.430 INFO [main] org.apache.catalina.startup.VersionLoggerListener.log Command line argument: -Dsun.stdout.encoding=UTF-8
12-Feb-2026 16:03:25.430 INFO [main] org.apache.catalina.startup.VersionLoggerListener.log Command line argument: -Dsun.stderr.encoding=UTF-8
12-Feb-2026 16:03:25.439 INFO [main] org.apache.catalina.core.AprLifecycleListener.lifecycleEvent The Apache Tomcat Native library which allows using OpenSSL was not found on the java.library.path: [/Users/adityadaharwal/Library/Java/Extensions:/Library/Java/Extensions:/Network/Library/Java/Extensions:/System/Library/Java/Extensions:/usr/lib/java:.]
12-Feb-2026 16:03:25.751 INFO [main] org.apache.coyote.AbstractProtocol.init Initializing ProtocolHandler ["http-nio-8080"]
12-Feb-2026 16:03:25.765 INFO [main] org.apache.catalina.startup.Catalina.load Server initialization in [478] milliseconds
12-Feb-2026 16:03:25.794 INFO [main] org.apache.catalina.core.StandardService.startInternal Starting service [Catalina]
12-Feb-2026 16:03:25.794 INFO [main] org.apache.catalina.core.StandardEngine.startInternal Starting Servlet engine: [Apache Tomcat/10.1.52]
12-Feb-2026 16:03:25.802 INFO [main] org.apache.catalina.startup.HostConfig.deployDescriptor Deploying deployment descriptor [/Users/adityadaharwal/Developer/TEST_PROJECT/src/week6/day3/JSP_EXAMPLE/src/main/webpages/conf/Catalina/localhost/app.xml]
12-Feb-2026 16:03:26.029 INFO [main] org.apache.catalina.startup.HostConfig.deployDescriptor Deployment of deployment descriptor [/Users/adityadaharwal/Developer/TEST_PROJECT/src/week6/day3/JSP_EXAMPLE/src/main/webpages/conf/Catalina/localhost/app.xml] has finished in [225] ms
12-Feb-2026 16:03:26.032 INFO [main] org.apache.coyote.AbstractProtocol.start Starting ProtocolHandler ["http-nio-8080"]
12-Feb-2026 16:03:26.053 INFO [main] org.apache.catalina.startup.Catalina.start Server startup in [287] milliseconds
12-Feb-2026 16:05:10.883 INFO [Thread-1] org.apache.coyote.AbstractProtocol.pause Pausing ProtocolHandler ["http-nio-8080"]
12-Feb-2026 16:05:10.890 INFO [Thread-1] org.apache.catalina.core.StandardService.stopInternal Stopping service [Catalina]
12-Feb-2026 16:05:10.903 INFO [Thread-1] org.apache.coyote.AbstractProtocol.stop Stopping ProtocolHandler ["http-nio-8080"]
12-Feb-2026 16:05:10.917 INFO [Thread-1] org.apache.coyote.AbstractProtocol.destroy Destroying ProtocolHandler ["http-nio-8080"]
12-Feb-2026 16:05:12.061 INFO [main] org.apache.catalina.startup.VersionLoggerListener.log Server version name:   Apache Tomcat/10.1.52
12-Feb-2026 16:05:12.063 INFO [main] org.apache.catalina.startup.VersionLoggerListener.log Server built:          Jan 23 2026 19:29:07 UTC
12-Feb-2026 16:05:12.063 INFO [main] org.apache.catalina.startup.VersionLoggerListener.log Server version number: 10.1.52.0
12-Feb-2026 16:05:12.063 INFO [main] org.apache.catalina.startup.VersionLoggerListener.log OS Name:               Mac OS X
12-Feb-2026 16:05:12.063 INFO [main] org.apache.catalina.startup.VersionLoggerListener.log OS Version:            26.2
12-Feb-2026 16:05:12.064 INFO [main] org.apache.catalina.startup.VersionLoggerListener.log Architecture:          aarch64
12-Feb-2026 16:05:12.064 INFO [main] org.apache.catalina.startup.VersionLoggerListener.log Java Home:             /opt/homebrew/Cellar/openjdk/25.0.1/libexec/openjdk.jdk/Contents/Home
12-Feb-2026 16:05:12.064 INFO [main] org.apache.catalina.startup.VersionLoggerListener.log JVM Version:           25.0.1
12-Feb-2026 16:05:12.064 INFO [main] org.apache.catalina.startup.VersionLoggerListener.log JVM Vendor:            Homebrew
12-Feb-2026 16:05:12.064 INFO [main] org.apache.catalina.startup.VersionLoggerListener.log CATALINA_BASE:         /Users/adityadaharwal/Developer/TEST_PROJECT/src/week6/day3/JSP_EXAMPLE/src/main/webpages
12-Feb-2026 16:05:12.064 INFO [main] org.apache.catalina.startup.VersionLoggerListener.log CATALINA_HOME:         /Users/adityadaharwal/Developer/TEST_PROJECT/src/week6/apache-tomcat-10.1.52
12-Feb-2026 16:05:12.076 INFO [main] org.apache.catalina.startup.VersionLoggerListener.log Command line argument: --add-opens=java.base/java.lang=ALL-UNNAMED
12-Feb-2026 16:05:12.077 INFO [main] org.apache.catalina.startup.VersionLoggerListener.log Command line argument: --add-opens=java.base/java.io=ALL-UNNAMED
12-Feb-2026 16:05:12.077 INFO [main] org.apache.catalina.startup.VersionLoggerListener.log Command line argument: --add-opens=java.base/java.util=ALL-UNNAMED
12-Feb-2026 16:05:12.077 INFO [main] org.apache.catalina.startup.VersionLoggerListener.log Command line argument: --add-opens=java.base/java.util.concurrent=ALL-UNNAMED
12-Feb-2026 16:05:12.077 INFO [main] org.apache.catalina.startup.VersionLoggerListener.log Command line argument: --add-opens=java.rmi/sun.rmi.transport=ALL-UNNAMED
12-Feb-2026 16:05:12.077 INFO [main] org.apache.catalina.startup.VersionLoggerListener.log Command line argument: -Dcatalina.home=/Users/adityadaharwal/Developer/TEST_PROJECT/src/week6/apache-tomcat-10.1.52
12-Feb-2026 16:05:12.077 INFO [main] org.apache.catalina.startup.VersionLoggerListener.log Command line argument: -Dcatalina.base=/Users/adityadaharwal/Developer/TEST_PROJECT/src/week6/day3/JSP_EXAMPLE/src/main/webpages
12-Feb-2026 16:05:12.077 INFO [main] org.apache.catalina.startup.VersionLoggerListener.log Command line argument: -Djava.io.tmpdir=/Users/adityadaharwal/Developer/TEST_PROJECT/src/week6/day3/JSP_EXAMPLE/src/main/webpages/temp
12-Feb-2026 16:05:12.078 INFO [main] org.apache.catalina.startup.VersionLoggerListener.log Command line argument: -Djava.util.logging.config.file=/Users/adityadaharwal/Developer/TEST_PROJECT/src/week6/day3/JSP_EXAMPLE/src/main/webpages/conf/logging.properties
12-Feb-2026 16:05:12.078 INFO [main] org.apache.catalina.startup.VersionLoggerListener.log Command line argument: -Djava.util.logging.manager=org.apache.juli.ClassLoaderLogManager
12-Feb-2026 16:05:12.078 INFO [main] org.apache.catalina.startup.VersionLoggerListener.log Command line argument: -javaagent:/Applications/IntelliJ IDEA.app/Contents/lib/idea_rt.jar=64359
12-Feb-2026 16:05:12.078 INFO [main] org.apache.catalina.startup.VersionLoggerListener.log Command line argument: -Dfile.encoding=UTF-8
12-Feb-2026 16:05:12.078 INFO [main] org.apache.catalina.startup.VersionLoggerListener.log Command line argument: -Dsun.stdout.encoding=UTF-8
12-Feb-2026 16:05:12.078 INFO [main] org.apache.catalina.startup.VersionLoggerListener.log Command line argument: -Dsun.stderr.encoding=UTF-8
12-Feb-2026 16:05:12.091 INFO [main] org.apache.catalina.core.AprLifecycleListener.lifecycleEvent The Apache Tomcat Native library which allows using OpenSSL was not found on the java.library.path: [/Users/adityadaharwal/Library/Java/Extensions:/Library/Java/Extensions:/Network/Library/Java/Extensions:/System/Library/Java/Extensions:/usr/lib/java:.]
12-Feb-2026 16:05:12.392 INFO [main] org.apache.coyote.AbstractProtocol.init Initializing ProtocolHandler ["http-nio-8080"]
12-Feb-2026 16:05:12.412 INFO [main] org.apache.catalina.startup.Catalina.load Server initialization in [514] milliseconds
12-Feb-2026 16:05:12.456 INFO [main] org.apache.catalina.core.StandardService.startInternal Starting service [Catalina]
12-Feb-2026 16:05:12.456 INFO [main] org.apache.catalina.core.StandardEngine.startInternal Starting Servlet engine: [Apache Tomcat/10.1.52]
12-Feb-2026 16:05:12.469 INFO [main] org.apache.catalina.startup.HostConfig.deployDescriptor Deploying deployment descriptor [/Users/adityadaharwal/Developer/TEST_PROJECT/src/week6/day3/JSP_EXAMPLE/src/main/webpages/conf/Catalina/localhost/app.xml]
12-Feb-2026 16:05:12.751 INFO [main] org.apache.catalina.startup.HostConfig.deployDescriptor Deployment of deployment descriptor [/Users/adityadaharwal/Developer/TEST_PROJECT/src/week6/day3/JSP_EXAMPLE/src/main/webpages/conf/Catalina/localhost/app.xml] has finished in [279] ms
12-Feb-2026 16:05:12.754 INFO [main] org.apache.coyote.AbstractProtocol.start Starting ProtocolHandler ["http-nio-8080"]
12-Feb-2026 16:05:12.772 INFO [main] org.apache.catalina.startup.Catalina.start Server startup in [357] milliseconds
12-Feb-2026 16:07:48.840 INFO [Thread-1] org.apache.coyote.AbstractProtocol.pause Pausing ProtocolHandler ["http-nio-8080"]
12-Feb-2026 16:07:48.850 INFO [Thread-1] org.apache.catalina.core.StandardService.stopInternal Stopping service [Catalina]
12-Feb-2026 16:07:48.867 INFO [Thread-1] org.apache.coyote.AbstractProtocol.stop Stopping ProtocolHandler ["http-nio-8080"]
12-Feb-2026 16:07:48.878 INFO [Thread-1] org.apache.coyote.AbstractProtocol.destroy Destroying ProtocolHandler ["http-nio-8080"]
12-Feb-2026 16:07:50.035 INFO [main] org.apache.catalina.startup.VersionLoggerListener.log Server version name:   Apache Tomcat/10.1.52
12-Feb-2026 16:07:50.038 INFO [main] org.apache.catalina.startup.VersionLoggerListener.log Server built:          Jan 23 2026 19:29:07 UTC
12-Feb-2026 16:07:50.038 INFO [main] org.apache.catalina.startup.VersionLoggerListener.log Server version number: 10.1.52.0
12-Feb-2026 16:07:50.038 INFO [main] org.apache.catalina.startup.VersionLoggerListener.log OS Name:               Mac OS X
12-Feb-2026 16:07:50.038 INFO [main] org.apache.catalina.startup.VersionLoggerListener.log OS Version:            26.2
12-Feb-2026 16:07:50.039 INFO [main] org.apache.catalina.startup.VersionLoggerListener.log Architecture:          aarch64
12-Feb-2026 16:07:50.039 INFO [main] org.apache.catalina.startup.VersionLoggerListener.log Java Home:             /opt/homebrew/Cellar/openjdk/25.0.1/libexec/openjdk.jdk/Contents/Home
12-Feb-2026 16:07:50.039 INFO [main] org.apache.catalina.startup.VersionLoggerListener.log JVM Version:           25.0.1
12-Feb-2026 16:07:50.039 INFO [main] org.apache.catalina.startup.VersionLoggerListener.log JVM Vendor:            Homebrew
12-Feb-2026 16:07:50.039 INFO [main] org.apache.catalina.startup.VersionLoggerListener.log CATALINA_BASE:         /Users/adityadaharwal/Developer/TEST_PROJECT/src/week6/day3/JSP_EXAMPLE/src/main/webpages
12-Feb-2026 16:07:50.039 INFO [main] org.apache.catalina.startup.VersionLoggerListener.log CATALINA_HOME:         /Users/adityadaharwal/Developer/TEST_PROJECT/src/week6/apache-tomcat-10.1.52
12-Feb-2026 16:07:50.049 INFO [main] org.apache.catalina.startup.VersionLoggerListener.log Command line argument: --add-opens=java.base/java.lang=ALL-UNNAMED
12-Feb-2026 16:07:50.049 INFO [main] org.apache.catalina.startup.VersionLoggerListener.log Command line argument: --add-opens=java.base/java.io=ALL-UNNAMED
12-Feb-2026 16:07:50.049 INFO [main] org.apache.catalina.startup.VersionLoggerListener.log Command line argument: --add-opens=java.base/java.util=ALL-UNNAMED
12-Feb-2026 16:07:50.049 INFO [main] org.apache.catalina.startup.VersionLoggerListener.log Command line argument: --add-opens=java.base/java.util.concurrent=ALL-UNNAMED
12-Feb-2026 16:07:50.050 INFO [main] org.apache.catalina.startup.VersionLoggerListener.log Command line argument: --add-opens=java.rmi/sun.rmi.transport=ALL-UNNAMED
12-Feb-2026 16:07:50.050 INFO [main] org.apache.catalina.startup.VersionLoggerListener.log Command line argument: -Dcatalina.home=/Users/adityadaharwal/Developer/TEST_PROJECT/src/week6/apache-tomcat-10.1.52
12-Feb-2026 16:07:50.050 INFO [main] org.apache.catalina.startup.VersionLoggerListener.log Command line argument: -Dcatalina.base=/Users/adityadaharwal/Developer/TEST_PROJECT/src/week6/day3/JSP_EXAMPLE/src/main/webpages
12-Feb-2026 16:07:50.050 INFO [main] org.apache.catalina.startup.VersionLoggerListener.log Command line argument: -Djava.io.tmpdir=/Users/adityadaharwal/Developer/TEST_PROJECT/src/week6/day3/JSP_EXAMPLE/src/main/webpages/temp
12-Feb-2026 16:07:50.050 INFO [main] org.apache.catalina.startup.VersionLoggerListener.log Command line argument: -Djava.util.logging.config.file=/Users/adityadaharwal/Developer/TEST_PROJECT/src/week6/day3/JSP_EXAMPLE/src/main/webpages/conf/logging.properties
12-Feb-2026 16:07:50.050 INFO [main] org.apache.catalina.startup.VersionLoggerListener.log Command line argument: -Djava.util.logging.manager=org.apache.juli.ClassLoaderLogManager
12-Feb-2026 16:07:50.050 INFO [main] org.apache.catalina.startup.VersionLoggerListener.log Command line argument: -javaagent:/Applications/IntelliJ IDEA.app/Contents/lib/idea_rt.jar=64368
12-Feb-2026 16:07:50.050 INFO [main] org.apache.catalina.startup.VersionLoggerListener.log Command line argument: -Dfile.encoding=UTF-8
12-Feb-2026 16:07:50.050 INFO [main] org.apache.catalina.startup.VersionLoggerListener.log Command line argument: -Dsun.stdout.encoding=UTF-8
12-Feb-2026 16:07:50.050 INFO [main] org.apache.catalina.startup.VersionLoggerListener.log Command line argument: -Dsun.stderr.encoding=UTF-8
12-Feb-2026 16:07:50.061 INFO [main] org.apache.catalina.core.AprLifecycleListener.lifecycleEvent The Apache Tomcat Native library which allows using OpenSSL was not found on the java.library.path: [/Users/adityadaharwal/Library/Java/Extensions:/Library/Java/Extensions:/Network/Library/Java/Extensions:/System/Library/Java/Extensions:/usr/lib/java:.]
12-Feb-2026 16:07:50.375 INFO [main] org.apache.coyote.AbstractProtocol.init Initializing ProtocolHandler ["http-nio-8080"]
12-Feb-2026 16:07:50.404 INFO [main] org.apache.catalina.startup.Catalina.load Server initialization in [522] milliseconds
12-Feb-2026 16:07:50.456 INFO [main] org.apache.catalina.core.StandardService.startInternal Starting service [Catalina]
12-Feb-2026 16:07:50.456 INFO [main] org.apache.catalina.core.StandardEngine.startInternal Starting Servlet engine: [Apache Tomcat/10.1.52]
12-Feb-2026 16:07:50.468 INFO [main] org.apache.catalina.startup.HostConfig.deployDescriptor Deploying deployment descriptor [/Users/adityadaharwal/Developer/TEST_PROJECT/src/week6/day3/JSP_EXAMPLE/src/main/webpages/conf/Catalina/localhost/app.xml]
12-Feb-2026 16:07:50.804 INFO [main] org.apache.catalina.startup.HostConfig.deployDescriptor Deployment of deployment descriptor [/Users/adityadaharwal/Developer/TEST_PROJECT/src/week6/day3/JSP_EXAMPLE/src/main/webpages/conf/Catalina/localhost/app.xml] has finished in [333] ms
12-Feb-2026 16:07:50.808 INFO [main] org.apache.coyote.AbstractProtocol.start Starting ProtocolHandler ["http-nio-8080"]
12-Feb-2026 16:07:50.828 INFO [main] org.apache.catalina.startup.Catalina.start Server startup in [422] milliseconds
12-Feb-2026 16:11:33.222 INFO [Thread-1] org.apache.coyote.AbstractProtocol.pause Pausing ProtocolHandler ["http-nio-8080"]
12-Feb-2026 16:11:33.234 INFO [Thread-1] org.apache.catalina.core.StandardService.stopInternal Stopping service [Catalina]
12-Feb-2026 16:11:33.247 INFO [Thread-1] org.apache.coyote.AbstractProtocol.stop Stopping ProtocolHandler ["http-nio-8080"]
12-Feb-2026 16:11:33.259 INFO [Thread-1] org.apache.coyote.AbstractProtocol.destroy Destroying ProtocolHandler ["http-nio-8080"]
12-Feb-2026 16:11:34.339 INFO [main] org.apache.catalina.startup.VersionLoggerListener.log Server version name:   Apache Tomcat/10.1.52
12-Feb-2026 16:11:34.344 INFO [main] org.apache.catalina.startup.VersionLoggerListener.log Server built:          Jan 23 2026 19:29:07 UTC
12-Feb-2026 16:11:34.344 INFO [main] org.apache.catalina.startup.VersionLoggerListener.log Server version number: 10.1.52.0
12-Feb-2026 16:11:34.344 INFO [main] org.apache.catalina.startup.VersionLoggerListener.log OS Name:               Mac OS X
12-Feb-2026 16:11:34.344 INFO [main] org.apache.catalina.startup.VersionLoggerListener.log OS Version:            26.2
12-Feb-2026 16:11:34.344 INFO [main] org.apache.catalina.startup.VersionLoggerListener.log Architecture:          aarch64
12-Feb-2026 16:11:34.345 INFO [main] org.apache.catalina.startup.VersionLoggerListener.log Java Home:             /opt/homebrew/Cellar/openjdk/25.0.1/libexec/openjdk.jdk/Contents/Home
12-Feb-2026 16:11:34.345 INFO [main] org.apache.catalina.startup.VersionLoggerListener.log JVM Version:           25.0.1
12-Feb-2026 16:11:34.345 INFO [main] org.apache.catalina.startup.VersionLoggerListener.log JVM Vendor:            Homebrew
12-Feb-2026 16:11:34.345 INFO [main] org.apache.catalina.startup.VersionLoggerListener.log CATALINA_BASE:         /Users/adityadaharwal/Developer/TEST_PROJECT/src/week6/day3/JSP_EXAMPLE/src/main/webpages
12-Feb-2026 16:11:34.345 INFO [main] org.apache.catalina.startup.VersionLoggerListener.log CATALINA_HOME:         /Users/adityadaharwal/Developer/TEST_PROJECT/src/week6/apache-tomcat-10.1.52
12-Feb-2026 16:11:34.354 INFO [main] org.apache.catalina.startup.VersionLoggerListener.log Command line argument: --add-opens=java.base/java.lang=ALL-UNNAMED
12-Feb-2026 16:11:34.354 INFO [main] org.apache.catalina.startup.VersionLoggerListener.log Command line argument: --add-opens=java.base/java.io=ALL-UNNAMED
12-Feb-2026 16:11:34.354 INFO [main] org.apache.catalina.startup.VersionLoggerListener.log Command line argument: --add-opens=java.base/java.util=ALL-UNNAMED
12-Feb-2026 16:11:34.354 INFO [main] org.apache.catalina.startup.VersionLoggerListener.log Command line argument: --add-opens=java.base/java.util.concurrent=ALL-UNNAMED
12-Feb-2026 16:11:34.354 INFO [main] org.apache.catalina.startup.VersionLoggerListener.log Command line argument: --add-opens=java.rmi/sun.rmi.transport=ALL-UNNAMED
12-Feb-2026 16:11:34.354 INFO [main] org.apache.catalina.startup.VersionLoggerListener.log Command line argument: -Dcatalina.home=/Users/adityadaharwal/Developer/TEST_PROJECT/src/week6/apache-tomcat-10.1.52
12-Feb-2026 16:11:34.354 INFO [main] org.apache.catalina.startup.VersionLoggerListener.log Command line argument: -Dcatalina.base=/Users/adityadaharwal/Developer/TEST_PROJECT/src/week6/day3/JSP_EXAMPLE/src/main/webpages
12-Feb-2026 16:11:34.354 INFO [main] org.apache.catalina.startup.VersionLoggerListener.log Command line argument: -Djava.io.tmpdir=/Users/adityadaharwal/Developer/TEST_PROJECT/src/week6/day3/JSP_EXAMPLE/src/main/webpages/temp
12-Feb-2026 16:11:34.354 INFO [main] org.apache.catalina.startup.VersionLoggerListener.log Command line argument: -Djava.util.logging.config.file=/Users/adityadaharwal/Developer/TEST_PROJECT/src/week6/day3/JSP_EXAMPLE/src/main/webpages/conf/logging.properties
12-Feb-2026 16:11:34.355 INFO [main] org.apache.catalina.startup.VersionLoggerListener.log Command line argument: -Djava.util.logging.manager=org.apache.juli.ClassLoaderLogManager
12-Feb-2026 16:11:34.355 INFO [main] org.apache.catalina.startup.VersionLoggerListener.log Command line argument: -javaagent:/Applications/IntelliJ IDEA.app/Contents/lib/idea_rt.jar=64382
12-Feb-2026 16:11:34.355 INFO [main] org.apache.catalina.startup.VersionLoggerListener.log Command line argument: -Dfile.encoding=UTF-8
12-Feb-2026 16:11:34.355 INFO [main] org.apache.catalina.startup.VersionLoggerListener.log Command line argument: -Dsun.stdout.encoding=UTF-8
12-Feb-2026 16:11:34.355 INFO [main] org.apache.catalina.startup.VersionLoggerListener.log Command line argument: -Dsun.stderr.encoding=UTF-8
12-Feb-2026 16:11:34.365 INFO [main] org.apache.catalina.core.AprLifecycleListener.lifecycleEvent The Apache Tomcat Native library which allows using OpenSSL was not found on the java.library.path: [/Users/adityadaharwal/Library/Java/Extensions:/Library/Java/Extensions:/Network/Library/Java/Extensions:/System/Library/Java/Extensions:/usr/lib/java:.]
12-Feb-2026 16:11:34.612 INFO [main] org.apache.coyote.AbstractProtocol.init Initializing ProtocolHandler ["http-nio-8080"]
12-Feb-2026 16:11:34.635 INFO [main] org.apache.catalina.startup.Catalina.load Server initialization in [451] milliseconds
12-Feb-2026 16:11:34.678 INFO [main] org.apache.catalina.core.StandardService.startInternal Starting service [Catalina]
12-Feb-2026 16:11:34.678 INFO [main] org.apache.catalina.core.StandardEngine.startInternal Starting Servlet engine: [Apache Tomcat/10.1.52]
12-Feb-2026 16:11:34.688 INFO [main] org.apache.catalina.startup.HostConfig.deployDescriptor Deploying deployment descriptor [/Users/adityadaharwal/Developer/TEST_PROJECT/src/week6/day3/JSP_EXAMPLE/src/main/webpages/conf/Catalina/localhost/app.xml]
12-Feb-2026 16:11:35.092 INFO [main] org.apache.catalina.startup.HostConfig.deployDescriptor Deployment of deployment descriptor [/Users/adityadaharwal/Developer/TEST_PROJECT/src/week6/day3/JSP_EXAMPLE/src/main/webpages/conf/Catalina/localhost/app.xml] has finished in [401] ms
12-Feb-2026 16:11:35.096 INFO [main] org.apache.coyote.AbstractProtocol.start Starting ProtocolHandler ["http-nio-8080"]
12-Feb-2026 16:11:35.125 INFO [main] org.apache.catalina.startup.Catalina.start Server startup in [488] milliseconds
12-Feb-2026 16:14:27.304 INFO [Thread-1] org.apache.coyote.AbstractProtocol.pause Pausing ProtocolHandler ["http-nio-8080"]
12-Feb-2026 16:14:27.312 INFO [Thread-1] org.apache.catalina.core.StandardService.stopInternal Stopping service [Catalina]
12-Feb-2026 16:14:27.325 INFO [Thread-1] org.apache.coyote.AbstractProtocol.stop Stopping ProtocolHandler ["http-nio-8080"]
12-Feb-2026 16:14:27.337 INFO [Thread-1] org.apache.coyote.AbstractProtocol.destroy Destroying ProtocolHandler ["http-nio-8080"]
12-Feb-2026 16:14:28.496 INFO [main] org.apache.catalina.startup.VersionLoggerListener.log Server version name:   Apache Tomcat/10.1.52
12-Feb-2026 16:14:28.499 INFO [main] org.apache.catalina.startup.VersionLoggerListener.log Server built:          Jan 23 2026 19:29:07 UTC
12-Feb-2026 16:14:28.500 INFO [main] org.apache.catalina.startup.VersionLoggerListener.log Server version number: 10.1.52.0
12-Feb-2026 16:14:28.500 INFO [main] org.apache.catalina.startup.VersionLoggerListener.log OS Name:               Mac OS X
12-Feb-2026 16:14:28.500 INFO [main] org.apache.catalina.startup.VersionLoggerListener.log OS Version:            26.2
12-Feb-2026 16:14:28.500 INFO [main] org.apache.catalina.startup.VersionLoggerListener.log Architecture:          aarch64
12-Feb-2026 16:14:28.500 INFO [main] org.apache.catalina.startup.VersionLoggerListener.log Java Home:             /opt/homebrew/Cellar/openjdk/25.0.1/libexec/openjdk.jdk/Contents/Home
12-Feb-2026 16:14:28.500 INFO [main] org.apache.catalina.startup.VersionLoggerListener.log JVM Version:           25.0.1
12-Feb-2026 16:14:28.500 INFO [main] org.apache.catalina.startup.VersionLoggerListener.log JVM Vendor:            Homebrew
12-Feb-2026 16:14:28.501 INFO [main] org.apache.catalina.startup.VersionLoggerListener.log CATALINA_BASE:         /Users/adityadaharwal/Developer/TEST_PROJECT/src/week6/day3/JSP_EXAMPLE/src/main/webpages
12-Feb-2026 16:14:28.501 INFO [main] org.apache.catalina.startup.VersionLoggerListener.log CATALINA_HOME:         /Users/adityadaharwal/Developer/TEST_PROJECT/src/week6/apache-tomcat-10.1.52
12-Feb-2026 16:14:28.514 INFO [main] org.apache.catalina.startup.VersionLoggerListener.log Command line argument: --add-opens=java.base/java.lang=ALL-UNNAMED
12-Feb-2026 16:14:28.514 INFO [main] org.apache.catalina.startup.VersionLoggerListener.log Command line argument: --add-opens=java.base/java.io=ALL-UNNAMED
12-Feb-2026 16:14:28.514 INFO [main] org.apache.catalina.startup.VersionLoggerListener.log Command line argument: --add-opens=java.base/java.util=ALL-UNNAMED
12-Feb-2026 16:14:28.514 INFO [main] org.apache.catalina.startup.VersionLoggerListener.log Command line argument: --add-opens=java.base/java.util.concurrent=ALL-UNNAMED
12-Feb-2026 16:14:28.514 INFO [main] org.apache.catalina.startup.VersionLoggerListener.log Command line argument: --add-opens=java.rmi/sun.rmi.transport=ALL-UNNAMED
12-Feb-2026 16:14:28.514 INFO [main] org.apache.catalina.startup.VersionLoggerListener.log Command line argument: -Dcatalina.home=/Users/adityadaharwal/Developer/TEST_PROJECT/src/week6/apache-tomcat-10.1.52
12-Feb-2026 16:14:28.514 INFO [main] org.apache.catalina.startup.VersionLoggerListener.log Command line argument: -Dcatalina.base=/Users/adityadaharwal/Developer/TEST_PROJECT/src/week6/day3/JSP_EXAMPLE/src/main/webpages
12-Feb-2026 16:14:28.514 INFO [main] org.apache.catalina.startup.VersionLoggerListener.log Command line argument: -Djava.io.tmpdir=/Users/adityadaharwal/Developer/TEST_PROJECT/src/week6/day3/JSP_EXAMPLE/src/main/webpages/temp
12-Feb-2026 16:14:28.515 INFO [main] org.apache.catalina.startup.VersionLoggerListener.log Command line argument: -Djava.util.logging.config.file=/Users/adityadaharwal/Developer/TEST_PROJECT/src/week6/day3/JSP_EXAMPLE/src/main/webpages/conf/logging.properties
12-Feb-2026 16:14:28.515 INFO [main] org.apache.catalina.startup.VersionLoggerListener.log Command line argument: -Djava.util.logging.manager=org.apache.juli.ClassLoaderLogManager
12-Feb-2026 16:14:28.515 INFO [main] org.apache.catalina.startup.VersionLoggerListener.log Command line argument: -javaagent:/Applications/IntelliJ IDEA.app/Contents/lib/idea_rt.jar=64389
12-Feb-2026 16:14:28.515 INFO [main] org.apache.catalina.startup.VersionLoggerListener.log Command line argument: -Dfile.encoding=UTF-8
12-Feb-2026 16:14:28.515 INFO [main] org.apache.catalina.startup.VersionLoggerListener.log Command line argument: -Dsun.stdout.encoding=UTF-8
12-Feb-2026 16:14:28.515 INFO [main] org.apache.catalina.startup.VersionLoggerListener.log Command line argument: -Dsun.stderr.encoding=UTF-8
12-Feb-2026 16:14:28.528 INFO [main] org.apache.catalina.core.AprLifecycleListener.lifecycleEvent The Apache Tomcat Native library which allows using OpenSSL was not found on the java.library.path: [/Users/adityadaharwal/Library/Java/Extensions:/Library/Java/Extensions:/Network/Library/Java/Extensions:/System/Library/Java/Extensions:/usr/lib/java:.]
12-Feb-2026 16:14:28.940 INFO [main] org.apache.coyote.AbstractProtocol.init Initializing ProtocolHandler ["http-nio-8080"]
12-Feb-2026 16:14:28.960 INFO [main] org.apache.catalina.startup.Catalina.load Server initialization in [601] milliseconds
12-Feb-2026 16:14:28.997 INFO [main] org.apache.catalina.core.StandardService.startInternal Starting service [Catalina]
12-Feb-2026 16:14:28.997 INFO [main] org.apache.catalina.core.StandardEngine.startInternal Starting Servlet engine: [Apache Tomcat/10.1.52]
12-Feb-2026 16:14:29.005 INFO [main] org.apache.catalina.startup.HostConfig.deployDescriptor Deploying deployment descriptor [/Users/adityadaharwal/Developer/TEST_PROJECT/src/week6/day3/JSP_EXAMPLE/src/main/webpages/conf/Catalina/localhost/app.xml]
12-Feb-2026 16:14:29.242 INFO [main] org.apache.catalina.startup.HostConfig.deployDescriptor Deployment of deployment descriptor [/Users/adityadaharwal/Developer/TEST_PROJECT/src/week6/day3/JSP_EXAMPLE/src/main/webpages/conf/Catalina/localhost/app.xml] has finished in [234] ms
12-Feb-2026 16:14:29.244 INFO [main] org.apache.coyote.AbstractProtocol.start Starting ProtocolHandler ["http-nio-8080"]
12-Feb-2026 16:14:29.262 INFO [main] org.apache.catalina.startup.Catalina.start Server startup in [300] milliseconds
12-Feb-2026 16:19:47.668 INFO [Thread-1] org.apache.coyote.AbstractProtocol.pause Pausing ProtocolHandler ["http-nio-8080"]
12-Feb-2026 16:19:47.678 INFO [Thread-1] org.apache.catalina.core.StandardService.stopInternal Stopping service [Catalina]
12-Feb-2026 16:19:47.693 INFO [Thread-1] org.apache.coyote.AbstractProtocol.stop Stopping ProtocolHandler ["http-nio-8080"]
12-Feb-2026 16:19:47.706 INFO [Thread-1] org.apache.coyote.AbstractProtocol.destroy Destroying ProtocolHandler ["http-nio-8080"]
12-Feb-2026 16:19:48.896 INFO [main] org.apache.catalina.startup.VersionLoggerListener.log Server version name:   Apache Tomcat/10.1.52
12-Feb-2026 16:19:48.899 INFO [main] org.apache.catalina.startup.VersionLoggerListener.log Server built:          Jan 23 2026 19:29:07 UTC
12-Feb-2026 16:19:48.899 INFO [main] org.apache.catalina.startup.VersionLoggerListener.log Server version number: 10.1.52.0
12-Feb-2026 16:19:48.899 INFO [main] org.apache.catalina.startup.VersionLoggerListener.log OS Name:               Mac OS X
12-Feb-2026 16:19:48.899 INFO [main] org.apache.catalina.startup.VersionLoggerListener.log OS Version:            26.2
12-Feb-2026 16:19:48.900 INFO [main] org.apache.catalina.startup.VersionLoggerListener.log Architecture:          aarch64
12-Feb-2026 16:19:48.900 INFO [main] org.apache.catalina.startup.VersionLoggerListener.log Java Home:             /opt/homebrew/Cellar/openjdk/25.0.1/libexec/openjdk.jdk/Contents/Home
12-Feb-2026 16:19:48.900 INFO [main] org.apache.catalina.startup.VersionLoggerListener.log JVM Version:           25.0.1
12-Feb-2026 16:19:48.900 INFO [main] org.apache.catalina.startup.VersionLoggerListener.log JVM Vendor:            Homebrew
12-Feb-2026 16:19:48.900 INFO [main] org.apache.catalina.startup.VersionLoggerListener.log CATALINA_BASE:         /Users/adityadaharwal/Developer/TEST_PROJECT/src/week6/day3/JSP_EXAMPLE/src/main/webpages
12-Feb-2026 16:19:48.900 INFO [main] org.apache.catalina.startup.VersionLoggerListener.log CATALINA_HOME:         /Users/adityadaharwal/Developer/TEST_PROJECT/src/week6/apache-tomcat-10.1.52
12-Feb-2026 16:19:48.911 INFO [main] org.apache.catalina.startup.VersionLoggerListener.log Command line argument: --add-opens=java.base/java.lang=ALL-UNNAMED
12-Feb-2026 16:19:48.911 INFO [main] org.apache.catalina.startup.VersionLoggerListener.log Command line argument: --add-opens=java.base/java.io=ALL-UNNAMED
12-Feb-2026 16:19:48.911 INFO [main] org.apache.catalina.startup.VersionLoggerListener.log Command line argument: --add-opens=java.base/java.util=ALL-UNNAMED
12-Feb-2026 16:19:48.911 INFO [main] org.apache.catalina.startup.VersionLoggerListener.log Command line argument: --add-opens=java.base/java.util.concurrent=ALL-UNNAMED
12-Feb-2026 16:19:48.911 INFO [main] org.apache.catalina.startup.VersionLoggerListener.log Command line argument: --add-opens=java.rmi/sun.rmi.transport=ALL-UNNAMED
12-Feb-2026 16:19:48.911 INFO [main] org.apache.catalina.startup.VersionLoggerListener.log Command line argument: -Dcatalina.home=/Users/adityadaharwal/Developer/TEST_PROJECT/src/week6/apache-tomcat-10.1.52
12-Feb-2026 16:19:48.911 INFO [main] org.apache.catalina.startup.VersionLoggerListener.log Command line argument: -Dcatalina.base=/Users/adityadaharwal/Developer/TEST_PROJECT/src/week6/day3/JSP_EXAMPLE/src/main/webpages
12-Feb-2026 16:19:48.911 INFO [main] org.apache.catalina.startup.VersionLoggerListener.log Command line argument: -Djava.io.tmpdir=/Users/adityadaharwal/Developer/TEST_PROJECT/src/week6/day3/JSP_EXAMPLE/src/main/webpages/temp
12-Feb-2026 16:19:48.911 INFO [main] org.apache.catalina.startup.VersionLoggerListener.log Command line argument: -Djava.util.logging.config.file=/Users/adityadaharwal/Developer/TEST_PROJECT/src/week6/day3/JSP_EXAMPLE/src/main/webpages/conf/logging.properties
12-Feb-2026 16:19:48.911 INFO [main] org.apache.catalina.startup.VersionLoggerListener.log Command line argument: -Djava.util.logging.manager=org.apache.juli.ClassLoaderLogManager
12-Feb-2026 16:19:48.911 INFO [main] org.apache.catalina.startup.VersionLoggerListener.log Command line argument: -javaagent:/Applications/IntelliJ IDEA.app/Contents/lib/idea_rt.jar=64404
12-Feb-2026 16:19:48.911 INFO [main] org.apache.catalina.startup.VersionLoggerListener.log Command line argument: -Dfile.encoding=UTF-8
12-Feb-2026 16:19:48.912 INFO [main] org.apache.catalina.startup.VersionLoggerListener.log Command line argument: -Dsun.stdout.encoding=UTF-8
12-Feb-2026 16:19:48.912 INFO [main] org.apache.catalina.startup.VersionLoggerListener.log Command line argument: -Dsun.stderr.encoding=UTF-8
12-Feb-2026 16:19:48.921 INFO [main] org.apache.catalina.core.AprLifecycleListener.lifecycleEvent The Apache Tomcat Native library which allows using OpenSSL was not found on the java.library.path: [/Users/adityadaharwal/Library/Java/Extensions:/Library/Java/Extensions:/Network/Library/Java/Extensions:/System/Library/Java/Extensions:/usr/lib/java:.]
12-Feb-2026 16:19:49.225 INFO [main] org.apache.coyote.AbstractProtocol.init Initializing ProtocolHandler ["http-nio-8080"]
12-Feb-2026 16:19:49.244 INFO [main] org.apache.catalina.startup.Catalina.load Server initialization in [491] milliseconds
12-Feb-2026 16:19:49.313 INFO [main] org.apache.catalina.core.StandardService.startInternal Starting service [Catalina]
12-Feb-2026 16:19:49.315 INFO [main] org.apache.catalina.core.StandardEngine.startInternal Starting Servlet engine: [Apache Tomcat/10.1.52]
12-Feb-2026 16:19:49.344 INFO [main] org.apache.catalina.startup.HostConfig.deployDescriptor Deploying deployment descriptor [/Users/adityadaharwal/Developer/TEST_PROJECT/src/week6/day3/JSP_EXAMPLE/src/main/webpages/conf/Catalina/localhost/app.xml]
12-Feb-2026 16:19:49.802 INFO [main] org.apache.catalina.startup.HostConfig.deployDescriptor Deployment of deployment descriptor [/Users/adityadaharwal/Developer/TEST_PROJECT/src/week6/day3/JSP_EXAMPLE/src/main/webpages/conf/Catalina/localhost/app.xml] has finished in [455] ms
12-Feb-2026 16:19:49.805 INFO [main] org.apache.coyote.AbstractProtocol.start Starting ProtocolHandler ["http-nio-8080"]
12-Feb-2026 16:19:49.835 INFO [main] org.apache.catalina.startup.Catalina.start Server startup in [589] milliseconds
12-Feb-2026 16:21:13.271 INFO [Thread-1] org.apache.coyote.AbstractProtocol.pause Pausing ProtocolHandler ["http-nio-8080"]
12-Feb-2026 16:21:13.280 INFO [Thread-1] org.apache.catalina.core.StandardService.stopInternal Stopping service [Catalina]
12-Feb-2026 16:21:13.295 INFO [Thread-1] org.apache.coyote.AbstractProtocol.stop Stopping ProtocolHandler ["http-nio-8080"]
12-Feb-2026 16:21:13.308 INFO [Thread-1] org.apache.coyote.AbstractProtocol.destroy Destroying ProtocolHandler ["http-nio-8080"]
12-Feb-2026 16:21:14.910 INFO [main] org.apache.catalina.startup.VersionLoggerListener.log Server version name:   Apache Tomcat/10.1.52
12-Feb-2026 16:21:14.915 INFO [main] org.apache.catalina.startup.VersionLoggerListener.log Server built:          Jan 23 2026 19:29:07 UTC
12-Feb-2026 16:21:14.915 INFO [main] org.apache.catalina.startup.VersionLoggerListener.log Server version number: 10.1.52.0
12-Feb-2026 16:21:14.915 INFO [main] org.apache.catalina.startup.VersionLoggerListener.log OS Name:               Mac OS X
12-Feb-2026 16:21:14.915 INFO [main] org.apache.catalina.startup.VersionLoggerListener.log OS Version:            26.2
12-Feb-2026 16:21:14.915 INFO [main] org.apache.catalina.startup.VersionLoggerListener.log Architecture:          aarch64
12-Feb-2026 16:21:14.915 INFO [main] org.apache.catalina.startup.VersionLoggerListener.log Java Home:             /opt/homebrew/Cellar/openjdk/25.0.1/libexec/openjdk.jdk/Contents/Home
12-Feb-2026 16:21:14.916 INFO [main] org.apache.catalina.startup.VersionLoggerListener.log JVM Version:           25.0.1
12-Feb-2026 16:21:14.916 INFO [main] org.apache.catalina.startup.VersionLoggerListener.log JVM Vendor:            Homebrew
12-Feb-2026 16:21:14.916 INFO [main] org.apache.catalina.startup.VersionLoggerListener.log CATALINA_BASE:         /Users/adityadaharwal/Developer/TEST_PROJECT/src/week6/day3/JSP_EXAMPLE/src/main/webpages
12-Feb-2026 16:21:14.916 INFO [main] org.apache.catalina.startup.VersionLoggerListener.log CATALINA_HOME:         /Users/adityadaharwal/Developer/TEST_PROJECT/src/week6/apache-tomcat-10.1.52
12-Feb-2026 16:21:14.932 INFO [main] org.apache.catalina.startup.VersionLoggerListener.log Command line argument: --add-opens=java.base/java.lang=ALL-UNNAMED
12-Feb-2026 16:21:14.932 INFO [main] org.apache.catalina.startup.VersionLoggerListener.log Command line argument: --add-opens=java.base/java.io=ALL-UNNAMED
12-Feb-2026 16:21:14.932 INFO [main] org.apache.catalina.startup.VersionLoggerListener.log Command line argument: --add-opens=java.base/java.util=ALL-UNNAMED
12-Feb-2026 16:21:14.932 INFO [main] org.apache.catalina.startup.VersionLoggerListener.log Command line argument: --add-opens=java.base/java.util.concurrent=ALL-UNNAMED
12-Feb-2026 16:21:14.933 INFO [main] org.apache.catalina.startup.VersionLoggerListener.log Command line argument: --add-opens=java.rmi/sun.rmi.transport=ALL-UNNAMED
12-Feb-2026 16:21:14.933 INFO [main] org.apache.catalina.startup.VersionLoggerListener.log Command line argument: -Dcatalina.home=/Users/adityadaharwal/Developer/TEST_PROJECT/src/week6/apache-tomcat-10.1.52
12-Feb-2026 16:21:14.933 INFO [main] org.apache.catalina.startup.VersionLoggerListener.log Command line argument: -Dcatalina.base=/Users/adityadaharwal/Developer/TEST_PROJECT/src/week6/day3/JSP_EXAMPLE/src/main/webpages
12-Feb-2026 16:21:14.933 INFO [main] org.apache.catalina.startup.VersionLoggerListener.log Command line argument: -Djava.io.tmpdir=/Users/adityadaharwal/Developer/TEST_PROJECT/src/week6/day3/JSP_EXAMPLE/src/main/webpages/temp
12-Feb-2026 16:21:14.933 INFO [main] org.apache.catalina.startup.VersionLoggerListener.log Command line argument: -Djava.util.logging.config.file=/Users/adityadaharwal/Developer/TEST_PROJECT/src/week6/day3/JSP_EXAMPLE/src/main/webpages/conf/logging.properties
12-Feb-2026 16:21:14.933 INFO [main] org.apache.catalina.startup.VersionLoggerListener.log Command line argument: -Djava.util.logging.manager=org.apache.juli.ClassLoaderLogManager
12-Feb-2026 16:21:14.933 INFO [main] org.apache.catalina.startup.VersionLoggerListener.log Command line argument: -javaagent:/Applications/IntelliJ IDEA.app/Contents/lib/idea_rt.jar=64415
12-Feb-2026 16:21:14.934 INFO [main] org.apache.catalina.startup.VersionLoggerListener.log Command line argument: -Dfile.encoding=UTF-8
12-Feb-2026 16:21:14.934 INFO [main] org.apache.catalina.startup.VersionLoggerListener.log Command line argument: -Dsun.stdout.encoding=UTF-8
12-Feb-2026 16:21:14.934 INFO [main] org.apache.catalina.startup.VersionLoggerListener.log Command line argument: -Dsun.stderr.encoding=UTF-8
12-Feb-2026 16:21:14.955 INFO [main] org.apache.catalina.core.AprLifecycleListener.lifecycleEvent The Apache Tomcat Native library which allows using OpenSSL was not found on the java.library.path: [/Users/adityadaharwal/Library/Java/Extensions:/Library/Java/Extensions:/Network/Library/Java/Extensions:/System/Library/Java/Extensions:/usr/lib/java:.]
12-Feb-2026 16:21:15.278 INFO [main] org.apache.coyote.AbstractProtocol.init Initializing ProtocolHandler ["http-nio-8080"]
12-Feb-2026 16:21:15.298 INFO [main] org.apache.catalina.startup.Catalina.load Server initialization in [830] milliseconds
12-Feb-2026 16:21:15.338 INFO [main] org.apache.catalina.core.StandardService.startInternal Starting service [Catalina]
12-Feb-2026 16:21:15.339 INFO [main] org.apache.catalina.core.StandardEngine.startInternal Starting Servlet engine: [Apache Tomcat/10.1.52]
12-Feb-2026 16:21:15.347 INFO [main] org.apache.catalina.startup.HostConfig.deployDescriptor Deploying deployment descriptor [/Users/adityadaharwal/Developer/TEST_PROJECT/src/week6/day3/JSP_EXAMPLE/src/main/webpages/conf/Catalina/localhost/app.xml]
12-Feb-2026 16:21:15.624 INFO [main] org.apache.catalina.startup.HostConfig.deployDescriptor Deployment of deployment descriptor [/Users/adityadaharwal/Developer/TEST_PROJECT/src/week6/day3/JSP_EXAMPLE/src/main/webpages/conf/Catalina/localhost/app.xml] has finished in [274] ms
12-Feb-2026 16:21:15.627 INFO [main] org.apache.coyote.AbstractProtocol.start Starting ProtocolHandler ["http-nio-8080"]
12-Feb-2026 16:21:15.646 INFO [main] org.apache.catalina.startup.Catalina.start Server startup in [347] milliseconds
12-Feb-2026 16:26:34.823 INFO [Thread-1] org.apache.coyote.AbstractProtocol.pause Pausing ProtocolHandler ["http-nio-8080"]
12-Feb-2026 16:26:34.831 INFO [Thread-1] org.apache.catalina.core.StandardService.stopInternal Stopping service [Catalina]
12-Feb-2026 16:26:34.848 INFO [Thread-1] org.apache.coyote.AbstractProtocol.stop Stopping ProtocolHandler ["http-nio-8080"]
12-Feb-2026 16:26:34.861 INFO [Thread-1] org.apache.coyote.AbstractProtocol.destroy Destroying ProtocolHandler ["http-nio-8080"]
12-Feb-2026 16:26:36.000 INFO [main] org.apache.catalina.startup.VersionLoggerListener.log Server version name:   Apache Tomcat/10.1.52
12-Feb-2026 16:26:36.004 INFO [main] org.apache.catalina.startup.VersionLoggerListener.log Server built:          Jan 23 2026 19:29:07 UTC
12-Feb-2026 16:26:36.004 INFO [main] org.apache.catalina.startup.VersionLoggerListener.log Server version number: 10.1.52.0
12-Feb-2026 16:26:36.005 INFO [main] org.apache.catalina.startup.VersionLoggerListener.log OS Name:               Mac OS X
12-Feb-2026 16:26:36.005 INFO [main] org.apache.catalina.startup.VersionLoggerListener.log OS Version:            26.2
12-Feb-2026 16:26:36.005 INFO [main] org.apache.catalina.startup.VersionLoggerListener.log Architecture:          aarch64
12-Feb-2026 16:26:36.005 INFO [main] org.apache.catalina.startup.VersionLoggerListener.log Java Home:             /opt/homebrew/Cellar/openjdk/25.0.1/libexec/openjdk.jdk/Contents/Home
12-Feb-2026 16:26:36.005 INFO [main] org.apache.catalina.startup.VersionLoggerListener.log JVM Version:           25.0.1
12-Feb-2026 16:26:36.005 INFO [main] org.apache.catalina.startup.VersionLoggerListener.log JVM Vendor:            Homebrew
12-Feb-2026 16:26:36.005 INFO [main] org.apache.catalina.startup.VersionLoggerListener.log CATALINA_BASE:         /Users/adityadaharwal/Developer/TEST_PROJECT/src/week6/day3/JSP_EXAMPLE/src/main/webpages
12-Feb-2026 16:26:36.005 INFO [main] org.apache.catalina.startup.VersionLoggerListener.log CATALINA_HOME:         /Users/adityadaharwal/Developer/TEST_PROJECT/src/week6/apache-tomcat-10.1.52
12-Feb-2026 16:26:36.014 INFO [main] org.apache.catalina.startup.VersionLoggerListener.log Command line argument: --add-opens=java.base/java.lang=ALL-UNNAMED
12-Feb-2026 16:26:36.014 INFO [main] org.apache.catalina.startup.VersionLoggerListener.log Command line argument: --add-opens=java.base/java.io=ALL-UNNAMED
12-Feb-2026 16:26:36.014 INFO [main] org.apache.catalina.startup.VersionLoggerListener.log Command line argument: --add-opens=java.base/java.util=ALL-UNNAMED
12-Feb-2026 16:26:36.014 INFO [main] org.apache.catalina.startup.VersionLoggerListener.log Command line argument: --add-opens=java.base/java.util.concurrent=ALL-UNNAMED
12-Feb-2026 16:26:36.014 INFO [main] org.apache.catalina.startup.VersionLoggerListener.log Command line argument: --add-opens=java.rmi/sun.rmi.transport=ALL-UNNAMED
12-Feb-2026 16:26:36.014 INFO [main] org.apache.catalina.startup.VersionLoggerListener.log Command line argument: -Dcatalina.home=/Users/adityadaharwal/Developer/TEST_PROJECT/src/week6/apache-tomcat-10.1.52
12-Feb-2026 16:26:36.014 INFO [main] org.apache.catalina.startup.VersionLoggerListener.log Command line argument: -Dcatalina.base=/Users/adityadaharwal/Developer/TEST_PROJECT/src/week6/day3/JSP_EXAMPLE/src/main/webpages
12-Feb-2026 16:26:36.015 INFO [main] org.apache.catalina.startup.VersionLoggerListener.log Command line argument: -Djava.io.tmpdir=/Users/adityadaharwal/Developer/TEST_PROJECT/src/week6/day3/JSP_EXAMPLE/src/main/webpages/temp
12-Feb-2026 16:26:36.015 INFO [main] org.apache.catalina.startup.VersionLoggerListener.log Command line argument: -Djava.util.logging.config.file=/Users/adityadaharwal/Developer/TEST_PROJECT/src/week6/day3/JSP_EXAMPLE/src/main/webpages/conf/logging.properties
12-Feb-2026 16:26:36.015 INFO [main] org.apache.catalina.startup.VersionLoggerListener.log Command line argument: -Djava.util.logging.manager=org.apache.juli.ClassLoaderLogManager
12-Feb-2026 16:26:36.015 INFO [main] org.apache.catalina.startup.VersionLoggerListener.log Command line argument: -javaagent:/Applications/IntelliJ IDEA.app/Contents/lib/idea_rt.jar=64431
12-Feb-2026 16:26:36.015 INFO [main] org.apache.catalina.startup.VersionLoggerListener.log Command line argument: -Dfile.encoding=UTF-8
12-Feb-2026 16:26:36.015 INFO [main] org.apache.catalina.startup.VersionLoggerListener.log Command line argument: -Dsun.stdout.encoding=UTF-8
12-Feb-2026 16:26:36.015 INFO [main] org.apache.catalina.startup.VersionLoggerListener.log Command line argument: -Dsun.stderr.encoding=UTF-8
12-Feb-2026 16:26:36.027 INFO [main] org.apache.catalina.core.AprLifecycleListener.lifecycleEvent The Apache Tomcat Native library which allows using OpenSSL was not found on the java.library.path: [/Users/adityadaharwal/Library/Java/Extensions:/Library/Java/Extensions:/Network/Library/Java/Extensions:/System/Library/Java/Extensions:/usr/lib/java:.]
12-Feb-2026 16:26:36.366 INFO [main] org.apache.coyote.AbstractProtocol.init Initializing ProtocolHandler ["http-nio-8080"]
12-Feb-2026 16:26:36.395 INFO [main] org.apache.catalina.startup.Catalina.load Server initialization in [546] milliseconds
12-Feb-2026 16:26:36.435 INFO [main] org.apache.catalina.core.StandardService.startInternal Starting service [Catalina]
12-Feb-2026 16:26:36.436 INFO [main] org.apache.catalina.core.StandardEngine.startInternal Starting Servlet engine: [Apache Tomcat/10.1.52]
12-Feb-2026 16:26:36.446 INFO [main] org.apache.catalina.startup.HostConfig.deployDescriptor Deploying deployment descriptor [/Users/adityadaharwal/Developer/TEST_PROJECT/src/week6/day3/JSP_EXAMPLE/src/main/webpages/conf/Catalina/localhost/app.xml]
12-Feb-2026 16:26:36.712 INFO [main] org.apache.catalina.startup.HostConfig.deployDescriptor Deployment of deployment descriptor [/Users/adityadaharwal/Developer/TEST_PROJECT/src/week6/day3/JSP_EXAMPLE/src/main/webpages/conf/Catalina/localhost/app.xml] has finished in [264] ms
12-Feb-2026 16:26:36.715 INFO [main] org.apache.coyote.AbstractProtocol.start Starting ProtocolHandler ["http-nio-8080"]
12-Feb-2026 16:26:36.733 INFO [main] org.apache.catalina.startup.Catalina.start Server startup in [335] milliseconds
12-Feb-2026 16:29:05.164 INFO [Thread-1] org.apache.coyote.AbstractProtocol.pause Pausing ProtocolHandler ["http-nio-8080"]
12-Feb-2026 16:29:05.171 INFO [Thread-1] org.apache.catalina.core.StandardService.stopInternal Stopping service [Catalina]
12-Feb-2026 16:29:05.182 INFO [Thread-1] org.apache.coyote.AbstractProtocol.stop Stopping ProtocolHandler ["http-nio-8080"]
12-Feb-2026 16:29:05.198 INFO [Thread-1] org.apache.coyote.AbstractProtocol.destroy Destroying ProtocolHandler ["http-nio-8080"]
